section,figure,source,metric,n,mean,std,ci95,params,subgroup,train_size,sharing_type,depth,L,p,circuit_family,source_family,epsilon,class
paper,fig01,results_reproduction.csv,test_accuracy,5,0.6883333333333334,0.0410791918128874,0.0360074992189127,54.0,D4,,,,,,,,,
paper,fig01,results_reproduction.csv,test_accuracy,5,0.6136666666666667,0.0330067333198007,0.0289316773719664,204.0,none,,,,,,,,,
paper,fig01,results_reproduction.csv,generalization_gap,5,0.0232222222222222,0.0163742872806915,0.0143526956215527,54.0,D4,,,,,,,,,
paper,fig01,results_reproduction.csv,generalization_gap,5,0.0938888888888888,0.0181811868577261,0.0159365129323965,204.0,none,,,,,,,,,
paper,fig02,results_partial_data_sweep_full_L3p2.csv,test_accuracy,5,0.5523333333333333,0.0574286997550489,0.0503384747925922,60.0,C4,30.0,,,,,,,,
paper,fig02,results_partial_data_sweep_full_L3p2.csv,test_accuracy,5,0.5716666666666667,0.0463081466314993,0.0405908802017837,60.0,C4,60.0,,,,,,,,
paper,fig02,results_partial_data_sweep_full_L3p2.csv,test_accuracy,5,0.6296666666666667,0.0507636133903452,0.0444962690071376,60.0,C4,120.0,,,,,,,,
paper,fig02,results_partial_data_sweep_full_L3p2.csv,test_accuracy,5,0.632,0.0583023727361645,0.051104282925537,60.0,C4,240.0,,,,,,,,
paper,fig02,results_partial_data_sweep_full_L3p2.csv,test_accuracy,5,0.689,0.0190977020141749,0.01673987388775,60.0,C4,450.0,,,,,,,,
paper,fig02,results_partial_data_sweep_full_L3p2.csv,test_accuracy,5,0.5503333333333333,0.0342661154300668,0.0300355744631817,78.0,D2_V4,30.0,,,,,,,,
paper,fig02,results_partial_data_sweep_full_L3p2.csv,test_accuracy,5,0.5656666666666667,0.0357188092373378,0.0313089167277737,78.0,D2_V4,60.0,,,,,,,,
paper,fig02,results_partial_data_sweep_full_L3p2.csv,test_accuracy,5,0.586,0.0357576720594491,0.0313429814932927,78.0,D2_V4,120.0,,,,,,,,
paper,fig02,results_partial_data_sweep_full_L3p2.csv,test_accuracy,5,0.6183333333333334,0.0464429159769758,0.040709010741549,78.0,D2_V4,240.0,,,,,,,,
paper,fig02,results_partial_data_sweep_full_L3p2.csv,test_accuracy,5,0.6656666666666666,0.0078704793020783,0.0068987792801013,78.0,D2_V4,450.0,,,,,,,,
paper,fig02,results_partial_data_sweep_full_L3p2.csv,test_accuracy,5,0.5306666666666666,0.0547798624800512,0.0480166665509661,54.0,D4,30.0,,,,,,,,
paper,fig02,results_partial_data_sweep_full_L3p2.csv,test_accuracy,5,0.583,0.0498804125439591,0.0437221093320581,54.0,D4,60.0,,,,,,,,
paper,fig02,results_partial_data_sweep_full_L3p2.csv,test_accuracy,5,0.6293333333333333,0.0476911359106117,0.0418031237535612,54.0,D4,120.0,,,,,,,,
paper,fig02,results_partial_data_sweep_full_L3p2.csv,test_accuracy,5,0.6446666666666666,0.033216461782275,0.0291155124747387,54.0,D4,240.0,,,,,,,,
paper,fig02,results_partial_data_sweep_full_L3p2.csv,test_accuracy,5,0.6883333333333334,0.0410791918128874,0.0360074992189127,54.0,D4,450.0,,,,,,,,
paper,fig02,results_partial_data_sweep_full_L3p2.csv,test_accuracy,5,0.481,0.0369797241742012,0.0324141574007408,126.0,Z2_reflection,30.0,,,,,,,,
paper,fig02,results_partial_data_sweep_full_L3p2.csv,test_accuracy,5,0.5073333333333333,0.0257552583627758,0.0225754793230767,126.0,Z2_reflection,60.0,,,,,,,,
paper,fig02,results_partial_data_sweep_full_L3p2.csv,test_accuracy,5,0.5626666666666666,0.0237638848301834,0.0208299634607883,126.0,Z2_reflection,120.0,,,,,,,,
paper,fig02,results_partial_data_sweep_full_L3p2.csv,test_accuracy,5,0.6006666666666667,0.0207364413533277,0.0181762922511715,126.0,Z2_reflection,240.0,,,,,,,,
paper,fig02,results_partial_data_sweep_full_L3p2.csv,test_accuracy,5,0.6776666666666666,0.0390974565811014,0.0342704316997742,126.0,Z2_reflection,450.0,,,,,,,,
paper,fig02,results_partial_data_sweep_full_L3p2.csv,test_accuracy,5,0.4953333333333333,0.0489103488253991,0.0428718109925132,108.0,Z2_rot180,30.0,,,,,,,,
paper,fig02,results_partial_data_sweep_full_L3p2.csv,test_accuracy,5,0.527,0.0357926125214563,0.0313736081585922,108.0,Z2_rot180,60.0,,,,,,,,
paper,fig02,results_partial_data_sweep_full_L3p2.csv,test_accuracy,5,0.5653333333333334,0.0142594997574715,0.0124990026268765,108.0,Z2_rot180,120.0,,,,,,,,
paper,fig02,results_partial_data_sweep_full_L3p2.csv,test_accuracy,5,0.5930000000000001,0.0200138840697041,0.0175429428672741,108.0,Z2_rot180,240.0,,,,,,,,
paper,fig02,results_partial_data_sweep_full_L3p2.csv,test_accuracy,5,0.6773333333333333,0.0188045502767577,0.016482915060416,108.0,Z2_rot180,450.0,,,,,,,,
paper,fig02,results_partial_data_sweep_full_L3p2.csv,test_accuracy,5,0.4433333333333333,0.0441273409829124,0.038679319768809,204.0,none,30.0,,,,,,,,
paper,fig02,results_partial_data_sweep_full_L3p2.csv,test_accuracy,5,0.4936666666666666,0.0156524758424985,0.01372,204.0,none,60.0,,,,,,,,
paper,fig02,results_partial_data_sweep_full_L3p2.csv,test_accuracy,5,0.5246666666666667,0.0216153237824979,0.0189466666666666,204.0,none,120.0,,,,,,,,
paper,fig02,results_partial_data_sweep_full_L3p2.csv,test_accuracy,5,0.5429999999999999,0.026806922820628,0.0234973038642497,204.0,none,240.0,,,,,,,,
paper,fig02,results_partial_data_sweep_full_L3p2.csv,test_accuracy,5,0.6136666666666667,0.0330067333198007,0.0289316773719664,204.0,none,450.0,,,,,,,,
paper,fig02,results_partial_data_sweep_full_L3p2.csv,generalization_gap,5,0.301,0.0567474913787189,0.0497413693239562,60.0,C4,30.0,,,,,,,,
paper,fig02,results_partial_data_sweep_full_L3p2.csv,generalization_gap,5,0.235,0.0650213640104371,0.0569937384475015,60.0,C4,60.0,,,,,,,,
paper,fig02,results_partial_data_sweep_full_L3p2.csv,generalization_gap,5,0.1186666666666666,0.0303085979733657,0.026566657465494,60.0,C4,120.0,,,,,,,,
paper,fig02,results_partial_data_sweep_full_L3p2.csv,generalization_gap,5,0.0879999999999999,0.0186115257001914,0.0163137215592001,60.0,C4,240.0,,,,,,,,
paper,fig02,results_partial_data_sweep_full_L3p2.csv,generalization_gap,5,0.0078888888888889,0.026998513905147,0.0236652408542857,60.0,C4,450.0,,,,,,,,
paper,fig02,results_partial_data_sweep_full_L3p2.csv,generalization_gap,5,0.363,0.0420548583532403,0.0368627086482923,78.0,D2_V4,30.0,,,,,,,,
paper,fig02,results_partial_data_sweep_full_L3p2.csv,generalization_gap,5,0.2809999999999999,0.0344520600899924,0.0301985621438431,78.0,D2_V4,60.0,,,,,,,,
paper,fig02,results_partial_data_sweep_full_L3p2.csv,generalization_gap,5,0.2056666666666666,0.0450401055850351,0.0394793932183473,78.0,D2_V4,120.0,,,,,,,,
paper,fig02,results_partial_data_sweep_full_L3p2.csv,generalization_gap,5,0.1058333333333333,0.0406415564553218,0.035623894914634,78.0,D2_V4,240.0,,,,,,,,
paper,fig02,results_partial_data_sweep_full_L3p2.csv,generalization_gap,5,0.0383333333333332,0.0144177103026233,0.0126376802840933,78.0,D2_V4,450.0,,,,,,,,
paper,fig02,results_partial_data_sweep_full_L3p2.csv,generalization_gap,5,0.316,0.093218679577766,0.0817097752889932,54.0,D4,30.0,,,,,,,,
paper,fig02,results_partial_data_sweep_full_L3p2.csv,generalization_gap,5,0.2103333333333333,0.0630850396070432,0.0552964752744492,54.0,D4,60.0,,,,,,,,
paper,fig02,results_partial_data_sweep_full_L3p2.csv,generalization_gap,5,0.1223333333333333,0.0118204154843314,0.0103610509977404,54.0,D4,120.0,,,,,,,,
paper,fig02,results_partial_data_sweep_full_L3p2.csv,generalization_gap,5,0.0678333333333333,0.0238091369016183,0.0208696286502659,54.0,D4,240.0,,,,,,,,
paper,fig02,results_partial_data_sweep_full_L3p2.csv,generalization_gap,5,0.0232222222222222,0.0163742872806915,0.0143526956215527,54.0,D4,450.0,,,,,,,,
paper,fig02,results_partial_data_sweep_full_L3p2.csv,generalization_gap,5,0.4923333333333333,0.0411062309415765,0.0360312000601947,126.0,Z2_reflection,30.0,,,,,,,,
paper,fig02,results_partial_data_sweep_full_L3p2.csv,generalization_gap,5,0.3793333333333333,0.0656336634493137,0.0575304425693234,126.0,Z2_reflection,60.0,,,,,,,,
paper,fig02,results_partial_data_sweep_full_L3p2.csv,generalization_gap,5,0.2606666666666667,0.0153025052415173,0.0134132372428632,126.0,Z2_reflection,120.0,,,,,,,,
paper,fig02,results_partial_data_sweep_full_L3p2.csv,generalization_gap,5,0.1468333333333333,0.0320665540538563,0.0281075739100889,126.0,Z2_reflection,240.0,,,,,,,,
paper,fig02,results_partial_data_sweep_full_L3p2.csv,generalization_gap,5,0.044111111111111,0.0137470535563618,0.0120498237270032,126.0,Z2_reflection,450.0,,,,,,,,
paper,fig02,results_partial_data_sweep_full_L3p2.csv,generalization_gap,5,0.4246666666666667,0.0618510756216539,0.0542148581520273,108.0,Z2_rot180,30.0,,,,,,,,
paper,fig02,results_partial_data_sweep_full_L3p2.csv,generalization_gap,5,0.3363333333333332,0.04859698207365,0.0425971329238639,108.0,Z2_rot180,60.0,,,,,,,,
paper,fig02,results_partial_data_sweep_full_L3p2.csv,generalization_gap,5,0.233,0.0266249673969545,0.0233378129033359,108.0,Z2_rot180,120.0,,,,,,,,
paper,fig02,results_partial_data_sweep_full_L3p2.csv,generalization_gap,5,0.1286666666666665,0.0221782551162169,0.0194400977363798,108.0,Z2_rot180,240.0,,,,,,,,
paper,fig02,results_partial_data_sweep_full_L3p2.csv,generalization_gap,5,0.0355555555555555,0.0121779501204349,0.0106744439239906,108.0,Z2_rot180,450.0,,,,,,,,
paper,fig02,results_partial_data_sweep_full_L3p2.csv,generalization_gap,5,0.5433333333333333,0.0357848509226398,0.0313668048172657,204.0,none,30.0,,,,,,,,
paper,fig02,results_partial_data_sweep_full_L3p2.csv,generalization_gap,5,0.473,0.020628997929021,0.0180821139373814,204.0,none,60.0,,,,,,,,
paper,fig02,results_partial_data_sweep_full_L3p2.csv,generalization_gap,5,0.3436666666666667,0.0212589850285578,0.0186343219773502,204.0,none,120.0,,,,,,,,
paper,fig02,results_partial_data_sweep_full_L3p2.csv,generalization_gap,5,0.2261666666666666,0.0442475674158729,0.0387847028837114,204.0,none,240.0,,,,,,,,
paper,fig02,results_partial_data_sweep_full_L3p2.csv,generalization_gap,5,0.0938888888888888,0.0181811868577261,0.0159365129323965,204.0,none,450.0,,,,,,,,
paper,fig03,results_lowdata_goldilocks_c4_d4_L3p2.csv,C4_minus_D4_test_accuracy,5,0.0369999999999999,0.0345888549808878,0.0303184681524498,,,3.0,,,,,,,,
paper,fig03,results_lowdata_goldilocks_c4_d4_L3p2.csv,C4_minus_D4_test_accuracy,5,0.0139999999999999,0.0378337004387476,0.03316270060039,,,6.0,,,,,,,,
paper,fig03,results_lowdata_goldilocks_c4_d4_L3p2.csv,C4_minus_D4_test_accuracy,5,-0.0143333333333333,0.0457590306812643,0.0401095588496197,,,9.0,,,,,,,,
paper,fig03,results_lowdata_goldilocks_c4_d4_L3p2.csv,C4_minus_D4_test_accuracy,5,-0.0273333333333333,0.0683089387350668,0.0598754247491313,,,12.0,,,,,,,,
paper,fig03,results_lowdata_goldilocks_c4_d4_L3p2.csv,C4_minus_D4_test_accuracy,5,0.0059999999999999,0.0351504702039042,0.0308107456002681,,,15.0,,,,,,,,
paper,fig03,results_lowdata_goldilocks_c4_d4_L3p2.csv,C4_minus_D4_test_accuracy,5,0.005,0.0559265391185417,0.0490217729404213,,,18.0,,,,,,,,
paper,fig03,results_lowdata_goldilocks_c4_d4_L3p2.csv,C4_minus_D4_test_accuracy,5,0.0049999999999999,0.0410453678534158,0.0359778512112352,,,24.0,,,,,,,,
paper,fig03,results_lowdata_goldilocks_c4_d4_L3p2.csv,C4_minus_D4_test_accuracy,5,0.0216666666666666,0.0434613493680176,0.0380955523796559,,,30.0,,,,,,,,
paper,fig03,results_lowdata_goldilocks_c4_d4_L3p2.csv,C4_minus_D4_test_accuracy,5,-0.0023333333333333,0.0254569353134967,0.022313987641039,,,45.0,,,,,,,,
paper,fig03,results_lowdata_goldilocks_c4_d4_L3p2.csv,C4_minus_D4_test_accuracy,5,-0.0113333333333333,0.0221233913413934,0.0193920075174169,,,60.0,,,,,,,,
paper,fig03,results_lowdata_goldilocks_c4_d4_L3p2.csv,C4_minus_D4_test_accuracy,5,0.011,0.0375203648406805,0.032888049839147,,,90.0,,,,,,,,
paper,fig03,results_lowdata_goldilocks_c4_d4_L3p2.csv,C4_minus_D4_test_accuracy,5,0.0003333333333332,0.055294665203797,0.0484679110340027,,,120.0,,,,,,,,
paper,fig04,results_random_sharing_control_full_L3p2_train450.csv,test_accuracy,5,0.5506666666666666,0.0257012753682683,0.0225281611421004,60.0,C4,,random,,,,,,,
paper,fig04,results_random_sharing_control_full_L3p2_train450.csv,test_accuracy,5,0.689,0.0190977020141749,0.01673987388775,60.0,C4,,symmetry,,,,,,,
paper,fig04,results_random_sharing_control_full_L3p2_train450.csv,test_accuracy,5,0.5700000000000001,0.0256309274987161,0.0224664985156912,78.0,D2_V4,,random,,,,,,,
paper,fig04,results_random_sharing_control_full_L3p2_train450.csv,test_accuracy,5,0.6656666666666666,0.0078704793020783,0.0068987792801013,78.0,D2_V4,,symmetry,,,,,,,
paper,fig04,results_random_sharing_control_full_L3p2_train450.csv,test_accuracy,5,0.5723333333333334,0.029192845394415,0.025588657209353,54.0,D4,,random,,,,,,,
paper,fig04,results_random_sharing_control_full_L3p2_train450.csv,test_accuracy,5,0.6883333333333334,0.0410791918128874,0.0360074992189127,54.0,D4,,symmetry,,,,,,,
paper,fig04,results_random_sharing_control_full_L3p2_train450.csv,test_accuracy,5,0.5953333333333333,0.0186488009742658,0.0163463947775105,126.0,Z2_reflection,,random,,,,,,,
paper,fig04,results_random_sharing_control_full_L3p2_train450.csv,test_accuracy,5,0.6776666666666666,0.0390974565811014,0.0342704316997742,126.0,Z2_reflection,,symmetry,,,,,,,
paper,fig04,results_random_sharing_control_full_L3p2_train450.csv,test_accuracy,5,0.5906666666666667,0.0203647298588078,0.0178504727606239,108.0,Z2_rot180,,random,,,,,,,
paper,fig04,results_random_sharing_control_full_L3p2_train450.csv,test_accuracy,5,0.6773333333333333,0.0188045502767577,0.016482915060416,108.0,Z2_rot180,,symmetry,,,,,,,
paper,fig04,results_random_sharing_control_full_L3p2_train450.csv,test_accuracy,5,0.6136666666666667,0.0330067333198007,0.0289316773719664,204.0,none,,symmetry,,,,,,,
paper,fig04,results_random_sharing_control_full_L3p2_train450.csv,generalization_gap,5,0.0475555555555554,0.0166462838324984,0.014591111111111,60.0,C4,,random,,,,,,,
paper,fig04,results_random_sharing_control_full_L3p2_train450.csv,generalization_gap,5,0.0078888888888889,0.026998513905147,0.0236652408542857,60.0,C4,,symmetry,,,,,,,
paper,fig04,results_random_sharing_control_full_L3p2_train450.csv,generalization_gap,5,0.0597777777777777,0.0165859154885279,0.0145381959245547,78.0,D2_V4,,random,,,,,,,
paper,fig04,results_random_sharing_control_full_L3p2_train450.csv,generalization_gap,5,0.0383333333333332,0.0144177103026233,0.0126376802840933,78.0,D2_V4,,symmetry,,,,,,,
paper,fig04,results_random_sharing_control_full_L3p2_train450.csv,generalization_gap,5,0.0232222222222221,0.0302111907971651,0.0264812763110414,54.0,D4,,random,,,,,,,
paper,fig04,results_random_sharing_control_full_L3p2_train450.csv,generalization_gap,5,0.0232222222222222,0.0163742872806915,0.0143526956215527,54.0,D4,,symmetry,,,,,,,
paper,fig04,results_random_sharing_control_full_L3p2_train450.csv,generalization_gap,5,0.0606666666666666,0.0215251790546172,0.0188676513288396,126.0,Z2_reflection,,random,,,,,,,
paper,fig04,results_random_sharing_control_full_L3p2_train450.csv,generalization_gap,5,0.044111111111111,0.0137470535563618,0.0120498237270032,126.0,Z2_reflection,,symmetry,,,,,,,
paper,fig04,results_random_sharing_control_full_L3p2_train450.csv,generalization_gap,5,0.0622222222222221,0.0265884268892396,0.0233057837361362,108.0,Z2_rot180,,random,,,,,,,
paper,fig04,results_random_sharing_control_full_L3p2_train450.csv,generalization_gap,5,0.0355555555555555,0.0121779501204349,0.0106744439239906,108.0,Z2_rot180,,symmetry,,,,,,,
paper,fig04,results_random_sharing_control_full_L3p2_train450.csv,generalization_gap,5,0.0938888888888888,0.0181811868577261,0.0159365129323965,204.0,none,,symmetry,,,,,,,
paper,fig05,results_depth_sweep_all_groups_draft_L1234_p123.csv,best_test_accuracy_at_depth,3,0.5388888888888889,0.0233531661744262,0.0264265952833807,10.0,C4,,,1.0,1.0,1.0,,,,
paper,fig05,results_depth_sweep_all_groups_draft_L1234_p123.csv,best_test_accuracy_at_depth,3,0.5572222222222222,0.0481990471705421,0.0545423564028481,20.0,C4,,,2.0,2.0,1.0,,,,
paper,fig05,results_depth_sweep_all_groups_draft_L1234_p123.csv,best_test_accuracy_at_depth,3,0.5905555555555555,0.0628121832956821,0.0710786766309344,30.0,C4,,,3.0,3.0,1.0,,,,
paper,fig05,results_depth_sweep_all_groups_draft_L1234_p123.csv,best_test_accuracy_at_depth,3,0.63,0.0088191710368819,0.0099798315134594,40.0,C4,,,4.0,2.0,2.0,,,,
paper,fig05,results_depth_sweep_all_groups_draft_L1234_p123.csv,best_test_accuracy_at_depth,3,0.65,0.0152752523165193,0.0172855752322886,60.0,C4,,,6.0,2.0,3.0,,,,
paper,fig05,results_depth_sweep_all_groups_draft_L1234_p123.csv,best_test_accuracy_at_depth,3,0.6716666666666667,0.0510718448201486,0.0577932329756502,80.0,C4,,,8.0,4.0,2.0,,,,
paper,fig05,results_depth_sweep_all_groups_draft_L1234_p123.csv,best_test_accuracy_at_depth,3,0.7138888888888889,0.0400115724000684,0.0452773565079243,90.0,C4,,,9.0,3.0,3.0,,,,
paper,fig05,results_depth_sweep_all_groups_draft_L1234_p123.csv,best_test_accuracy_at_depth,3,0.6916666666666668,0.028915585954829,0.0327210658162008,120.0,C4,,,12.0,4.0,3.0,,,,
paper,fig05,results_depth_sweep_all_groups_draft_L1234_p123.csv,best_test_accuracy_at_depth,3,0.5166666666666667,0.0104083299973306,0.0117781341665157,13.0,D2_V4,,,1.0,1.0,1.0,,,,
paper,fig05,results_depth_sweep_all_groups_draft_L1234_p123.csv,best_test_accuracy_at_depth,3,0.56,0.0169148192751536,0.0191409199051355,26.0,D2_V4,,,2.0,2.0,1.0,,,,
paper,fig05,results_depth_sweep_all_groups_draft_L1234_p123.csv,best_test_accuracy_at_depth,3,0.5922222222222223,0.0315054375083507,0.0356517587397111,39.0,D2_V4,,,3.0,3.0,1.0,,,,
paper,fig05,results_depth_sweep_all_groups_draft_L1234_p123.csv,best_test_accuracy_at_depth,3,0.6216666666666666,0.0057735026918962,0.0065333333333333,52.0,D2_V4,,,4.0,4.0,1.0,,,,
paper,fig05,results_depth_sweep_all_groups_draft_L1234_p123.csv,best_test_accuracy_at_depth,3,0.6483333333333333,0.0104083299973305,0.0117781341665156,78.0,D2_V4,,,6.0,2.0,3.0,,,,
paper,fig05,results_depth_sweep_all_groups_draft_L1234_p123.csv,best_test_accuracy_at_depth,3,0.6427777777777778,0.0463181429935438,0.0524139129583447,104.0,D2_V4,,,8.0,4.0,2.0,,,,
paper,fig05,results_depth_sweep_all_groups_draft_L1234_p123.csv,best_test_accuracy_at_depth,3,0.6222222222222222,0.0387417852702469,0.0438404571031409,117.0,D2_V4,,,9.0,3.0,3.0,,,,
paper,fig05,results_depth_sweep_all_groups_draft_L1234_p123.csv,best_test_accuracy_at_depth,3,0.6783333333333333,0.005,0.0056580326380583,156.0,D2_V4,,,12.0,4.0,3.0,,,,
paper,fig05,results_depth_sweep_all_groups_draft_L1234_p123.csv,best_test_accuracy_at_depth,3,0.523888888888889,0.0358365631619337,0.0405528888012119,9.0,D4,,,1.0,1.0,1.0,,,,
paper,fig05,results_depth_sweep_all_groups_draft_L1234_p123.csv,best_test_accuracy_at_depth,3,0.5655555555555556,0.0293604672482751,0.0332244963918767,18.0,D4,,,2.0,2.0,1.0,,,,
paper,fig05,results_depth_sweep_all_groups_draft_L1234_p123.csv,best_test_accuracy_at_depth,3,0.5861111111111111,0.0554359824315231,0.0627317195840773,27.0,D4,,,3.0,3.0,1.0,,,,
paper,fig05,results_depth_sweep_all_groups_draft_L1234_p123.csv,best_test_accuracy_at_depth,3,0.6233333333333334,0.0300462606288665,0.0340005446579468,36.0,D4,,,4.0,2.0,2.0,,,,
paper,fig05,results_depth_sweep_all_groups_draft_L1234_p123.csv,best_test_accuracy_at_depth,3,0.668888888888889,0.0198839224090814,0.0225007763926405,54.0,D4,,,6.0,3.0,2.0,,,,
paper,fig05,results_depth_sweep_all_groups_draft_L1234_p123.csv,best_test_accuracy_at_depth,3,0.6583333333333333,0.0711219609778395,0.0804820752990654,72.0,D4,,,8.0,4.0,2.0,,,,
paper,fig05,results_depth_sweep_all_groups_draft_L1234_p123.csv,best_test_accuracy_at_depth,3,0.64,0.0448454134902457,0.0507473626390063,81.0,D4,,,9.0,3.0,3.0,,,,
paper,fig05,results_depth_sweep_all_groups_draft_L1234_p123.csv,best_test_accuracy_at_depth,3,0.6905555555555556,0.0456536883423372,0.0516620117377374,108.0,D4,,,12.0,4.0,3.0,,,,
paper,fig05,results_depth_sweep_all_groups_draft_L1234_p123.csv,best_test_accuracy_at_depth,3,0.5222222222222223,0.0320300784564434,0.0362454458612252,21.0,Z2_reflection,,,1.0,1.0,1.0,,,,
paper,fig05,results_depth_sweep_all_groups_draft_L1234_p123.csv,best_test_accuracy_at_depth,3,0.5488888888888889,0.0350528701207718,0.0396660566401894,42.0,Z2_reflection,,,2.0,2.0,1.0,,,,
paper,fig05,results_depth_sweep_all_groups_draft_L1234_p123.csv,best_test_accuracy_at_depth,3,0.5666666666666667,0.0435889894354067,0.0493255849771022,63.0,Z2_reflection,,,3.0,3.0,1.0,,,,
paper,fig05,results_depth_sweep_all_groups_draft_L1234_p123.csv,best_test_accuracy_at_depth,3,0.6077777777777778,0.0335548197123144,0.0379708530192876,84.0,Z2_reflection,,,4.0,4.0,1.0,,,,
paper,fig05,results_depth_sweep_all_groups_draft_L1234_p123.csv,best_test_accuracy_at_depth,3,0.635,0.0220479275922049,0.0249495787836484,126.0,Z2_reflection,,,6.0,2.0,3.0,,,,
paper,fig05,results_depth_sweep_all_groups_draft_L1234_p123.csv,best_test_accuracy_at_depth,3,0.6455555555555555,0.0193170429452374,0.0218592918909856,168.0,Z2_reflection,,,8.0,4.0,2.0,,,,
paper,fig05,results_depth_sweep_all_groups_draft_L1234_p123.csv,best_test_accuracy_at_depth,3,0.6222222222222222,0.0302459057529248,0.034226464383537,189.0,Z2_reflection,,,9.0,3.0,3.0,,,,
paper,fig05,results_depth_sweep_all_groups_draft_L1234_p123.csv,best_test_accuracy_at_depth,3,0.645,0.0251661147842358,0.0284781397644657,252.0,Z2_reflection,,,12.0,4.0,3.0,,,,
paper,fig05,results_depth_sweep_all_groups_draft_L1234_p123.csv,best_test_accuracy_at_depth,3,0.5311111111111111,0.037280220155128,0.0421865404783429,18.0,Z2_rot180,,,1.0,1.0,1.0,,,,
paper,fig05,results_depth_sweep_all_groups_draft_L1234_p123.csv,best_test_accuracy_at_depth,3,0.5555555555555555,0.0259450987307457,0.0293596430832411,36.0,Z2_rot180,,,2.0,2.0,1.0,,,,
paper,fig05,results_depth_sweep_all_groups_draft_L1234_p123.csv,best_test_accuracy_at_depth,3,0.581111111111111,0.0539890249478059,0.0610943330503263,54.0,Z2_rot180,,,3.0,3.0,1.0,,,,
paper,fig05,results_depth_sweep_all_groups_draft_L1234_p123.csv,best_test_accuracy_at_depth,3,0.6244444444444445,0.0082214714371937,0.0093034707449013,72.0,Z2_rot180,,,4.0,4.0,1.0,,,,
paper,fig05,results_depth_sweep_all_groups_draft_L1234_p123.csv,best_test_accuracy_at_depth,3,0.6522222222222221,0.0439802144066995,0.0497682977083818,108.0,Z2_rot180,,,6.0,3.0,2.0,,,,
paper,fig05,results_depth_sweep_all_groups_draft_L1234_p123.csv,best_test_accuracy_at_depth,3,0.66,0.0109290642071699,0.0123674003975205,144.0,Z2_rot180,,,8.0,4.0,2.0,,,,
paper,fig05,results_depth_sweep_all_groups_draft_L1234_p123.csv,best_test_accuracy_at_depth,3,0.6549999999999999,0.0284800124843917,0.0322281680337994,162.0,Z2_rot180,,,9.0,3.0,3.0,,,,
paper,fig05,results_depth_sweep_all_groups_draft_L1234_p123.csv,best_test_accuracy_at_depth,3,0.6533333333333333,0.025,0.0282901631902916,216.0,Z2_rot180,,,12.0,4.0,3.0,,,,
paper,fig05,results_depth_sweep_all_groups_draft_L1234_p123.csv,best_test_accuracy_at_depth,3,0.5094444444444445,0.0291706346507224,0.0330096805853325,34.0,none,,,1.0,1.0,1.0,,,,
paper,fig05,results_depth_sweep_all_groups_draft_L1234_p123.csv,best_test_accuracy_at_depth,3,0.5227777777777778,0.0201613859018045,0.0228147558921798,68.0,none,,,2.0,2.0,1.0,,,,
paper,fig05,results_depth_sweep_all_groups_draft_L1234_p123.csv,best_test_accuracy_at_depth,3,0.5583333333333333,0.0259807621135331,0.0294,102.0,none,,,3.0,3.0,1.0,,,,
paper,fig05,results_depth_sweep_all_groups_draft_L1234_p123.csv,best_test_accuracy_at_depth,3,0.5783333333333333,0.0292973263854115,0.0331530457793012,136.0,none,,,4.0,4.0,1.0,,,,
paper,fig05,results_depth_sweep_all_groups_draft_L1234_p123.csv,best_test_accuracy_at_depth,3,0.5916666666666667,0.0136422546197874,0.0154376643790918,204.0,none,,,6.0,2.0,3.0,,,,
paper,fig05,results_depth_sweep_all_groups_draft_L1234_p123.csv,best_test_accuracy_at_depth,3,0.6222222222222222,0.0151229528764624,0.0171132321917685,272.0,none,,,8.0,4.0,2.0,,,,
paper,fig05,results_depth_sweep_all_groups_draft_L1234_p123.csv,best_test_accuracy_at_depth,3,0.605,0.0072648315725677,0.008220930829517,306.0,none,,,9.0,3.0,3.0,,,,
paper,fig05,results_depth_sweep_all_groups_draft_L1234_p123.csv,best_test_accuracy_at_depth,3,0.6172222222222222,0.0201613859018045,0.0228147558921798,408.0,none,,,12.0,4.0,3.0,,,,
paper,fig06,results_d4_compression_sweep_L3p2.csv,test_accuracy,15,0.6161111111111112,0.0807594573229039,0.0408699243460198,54.0,D4,,,,,,,,,
paper,fig06,results_d4_compression_sweep_L3p2.csv,test_accuracy,15,0.5328888888888889,0.037893264189028,0.0191766375353056,18.0,D4_all_tied,,,,,,,,,
paper,fig06,results_d4_compression_sweep_L3p2.csv,test_accuracy,15,0.605,0.0596717209883734,0.0301980573326607,42.0,D4_pair_tied,,,,,,,,,
paper,fig06,results_d4_compression_sweep_L3p2.csv,test_accuracy,15,0.6025555555555556,0.0665948025364421,0.0337016199925679,30.0,D4_qubit_tied,,,,,,,,,
paper,fig07,results_oracle_inspired_robust_C4D4_L3p2_train450_600_750.csv,test_accuracy,5,0.689,0.0190977020141749,0.01673987388775,60.0,C4,450.0,,,,,edge,,,
paper,fig07,results_oracle_inspired_robust_C4D4_L3p2_train450_600_750.csv,test_accuracy,5,0.6776666666666668,0.0233214255329491,0.0204421307869583,60.0,C4,600.0,,,,,edge,,,
paper,fig07,results_oracle_inspired_robust_C4D4_L3p2_train450_600_750.csv,test_accuracy,5,0.6983333333333334,0.03765707842565,0.0330078845799673,60.0,C4,750.0,,,,,edge,,,
paper,fig07,results_oracle_inspired_robust_C4D4_L3p2_train450_600_750.csv,test_accuracy,5,0.6883333333333334,0.0410791918128874,0.0360074992189127,54.0,D4,450.0,,,,,edge,,,
paper,fig07,results_oracle_inspired_robust_C4D4_L3p2_train450_600_750.csv,test_accuracy,5,0.6993333333333334,0.030221405217715,0.026490229645412,54.0,D4,600.0,,,,,edge,,,
paper,fig07,results_oracle_inspired_robust_C4D4_L3p2_train450_600_750.csv,test_accuracy,5,0.6913333333333334,0.0330697915190148,0.0289869503205992,54.0,D4,750.0,,,,,edge,,,
paper,fig07,results_oracle_inspired_robust_C4D4_L3p2_train450_600_750.csv,test_accuracy,5,0.736,0.0232916293977042,0.0204160133228796,78.0,C4,450.0,,,,,edge_line_ccrz,,,
paper,fig07,results_oracle_inspired_robust_C4D4_L3p2_train450_600_750.csv,test_accuracy,5,0.735,0.0212785755580061,0.0186514938335304,78.0,C4,600.0,,,,,edge_line_ccrz,,,
paper,fig07,results_oracle_inspired_robust_C4D4_L3p2_train450_600_750.csv,test_accuracy,5,0.7369999999999999,0.0373124941838819,0.0327058431748484,78.0,C4,750.0,,,,,edge_line_ccrz,,,
paper,fig07,results_oracle_inspired_robust_C4D4_L3p2_train450_600_750.csv,test_accuracy,5,0.7386666666666667,0.06008558710521,0.0526673392362118,72.0,D4,450.0,,,,,edge_line_ccrz,,,
paper,fig07,results_oracle_inspired_robust_C4D4_L3p2_train450_600_750.csv,test_accuracy,5,0.75,0.0171188654868117,0.0150053471950649,72.0,D4,600.0,,,,,edge_line_ccrz,,,
paper,fig07,results_oracle_inspired_robust_C4D4_L3p2_train450_600_750.csv,test_accuracy,5,0.7466666666666667,0.0175989267349523,0.0154261394320736,72.0,D4,750.0,,,,,edge_line_ccrz,,,
paper,fig07,results_oracle_inspired_robust_C4D4_L3p2_train450_600_750.csv,test_accuracy,5,0.7723333333333333,0.0410724292493692,0.036001571570635,78.0,C4,450.0,,,,,edge_line_zzz,,,
paper,fig07,results_oracle_inspired_robust_C4D4_L3p2_train450_600_750.csv,test_accuracy,5,0.761,0.0396267305966285,0.0347343608293318,78.0,C4,600.0,,,,,edge_line_zzz,,,
paper,fig07,results_oracle_inspired_robust_C4D4_L3p2_train450_600_750.csv,test_accuracy,5,0.742,0.016766368453279,0.0146963699221572,78.0,C4,750.0,,,,,edge_line_zzz,,,
paper,fig07,results_oracle_inspired_robust_C4D4_L3p2_train450_600_750.csv,test_accuracy,5,0.7196666666666667,0.026177810790396,0.0229458628563456,72.0,D4,450.0,,,,,edge_line_zzz,,,
paper,fig07,results_oracle_inspired_robust_C4D4_L3p2_train450_600_750.csv,test_accuracy,5,0.7643333333333333,0.0264207410107202,0.0231588005830277,72.0,D4,600.0,,,,,edge_line_zzz,,,
paper,fig07,results_oracle_inspired_robust_C4D4_L3p2_train450_600_750.csv,test_accuracy,5,0.7333333333333333,0.0179891942874357,0.0157682240245656,72.0,D4,750.0,,,,,edge_line_zzz,,,
paper,fig07,results_oracle_inspired_robust_C4D4_L3p2_train450_600_750.csv,test_accuracy,5,0.746,0.031304951684997,0.02744,96.0,C4,450.0,,,,,edge_line_zzz_ccrz,,,
paper,fig07,results_oracle_inspired_robust_C4D4_L3p2_train450_600_750.csv,test_accuracy,5,0.778,0.0143081173542231,0.0125416178293622,96.0,C4,600.0,,,,,edge_line_zzz_ccrz,,,
paper,fig07,results_oracle_inspired_robust_C4D4_L3p2_train450_600_750.csv,test_accuracy,5,0.787,0.0229249984853992,0.0200946471589934,96.0,C4,750.0,,,,,edge_line_zzz_ccrz,,,
paper,fig07,results_oracle_inspired_robust_C4D4_L3p2_train450_600_750.csv,test_accuracy,5,0.7953333333333333,0.0181582549332865,0.0159164122143709,90.0,D4,450.0,,,,,edge_line_zzz_ccrz,,,
paper,fig07,results_oracle_inspired_robust_C4D4_L3p2_train450_600_750.csv,test_accuracy,5,0.805,0.0213111864209073,0.0186800785151811,90.0,D4,600.0,,,,,edge_line_zzz_ccrz,,,
paper,fig07,results_oracle_inspired_robust_C4D4_L3p2_train450_600_750.csv,test_accuracy,5,0.7736666666666666,0.0626653368653232,0.0549285896010042,90.0,D4,750.0,,,,,edge_line_zzz_ccrz,,,
paper,fig07,results_oracle_inspired_robust_C4D4_L3p2_train450_600_750.csv,test_accuracy,5,0.7033333333333334,0.0376939429263288,0.0330401977395212,54.0,C4,450.0,,,,,line_ccrz,,,
paper,fig07,results_oracle_inspired_robust_C4D4_L3p2_train450_600_750.csv,test_accuracy,5,0.7196666666666667,0.0420713679359252,0.0368771799355644,54.0,C4,600.0,,,,,line_ccrz,,,
paper,fig07,results_oracle_inspired_robust_C4D4_L3p2_train450_600_750.csv,test_accuracy,5,0.7016666666666667,0.0465026880943456,0.0407614033124474,54.0,C4,750.0,,,,,line_ccrz,,,
paper,fig07,results_oracle_inspired_robust_C4D4_L3p2_train450_600_750.csv,test_accuracy,5,0.7033333333333334,0.0376939429263288,0.0330401977395212,54.0,D4,450.0,,,,,line_ccrz,,,
paper,fig07,results_oracle_inspired_robust_C4D4_L3p2_train450_600_750.csv,test_accuracy,5,0.7196666666666667,0.0420713679359252,0.0368771799355644,54.0,D4,600.0,,,,,line_ccrz,,,
paper,fig07,results_oracle_inspired_robust_C4D4_L3p2_train450_600_750.csv,test_accuracy,5,0.7016666666666667,0.0465026880943456,0.0407614033124474,54.0,D4,750.0,,,,,line_ccrz,,,
paper,fig07,results_oracle_inspired_robust_C4D4_L3p2_train450_600_750.csv,test_accuracy,5,0.678,0.0145964226972075,0.0127943286046765,54.0,C4,450.0,,,,,line_pair_crz,,,
paper,fig07,results_oracle_inspired_robust_C4D4_L3p2_train450_600_750.csv,test_accuracy,5,0.6683333333333333,0.0200693242979871,0.0175915383699726,54.0,C4,600.0,,,,,line_pair_crz,,,
paper,fig07,results_oracle_inspired_robust_C4D4_L3p2_train450_600_750.csv,test_accuracy,5,0.6806666666666666,0.0510935960327276,0.0447855115460842,54.0,C4,750.0,,,,,line_pair_crz,,,
paper,fig07,results_oracle_inspired_robust_C4D4_L3p2_train450_600_750.csv,test_accuracy,5,0.678,0.0145964226972075,0.0127943286046765,54.0,D4,450.0,,,,,line_pair_crz,,,
paper,fig07,results_oracle_inspired_robust_C4D4_L3p2_train450_600_750.csv,test_accuracy,5,0.6683333333333333,0.0200693242979871,0.0175915383699726,54.0,D4,600.0,,,,,line_pair_crz,,,
paper,fig07,results_oracle_inspired_robust_C4D4_L3p2_train450_600_750.csv,test_accuracy,5,0.6806666666666666,0.0510935960327276,0.0447855115460842,54.0,D4,750.0,,,,,line_pair_crz,,,
paper,fig07,results_oracle_inspired_robust_C4D4_L3p2_train450_600_750.csv,test_accuracy,5,0.697,0.0259111730511933,0.0227121445731377,54.0,C4,450.0,,,,,line_zzz,,,
paper,fig07,results_oracle_inspired_robust_C4D4_L3p2_train450_600_750.csv,test_accuracy,5,0.7003333333333334,0.0568795022638012,0.0498570819665794,54.0,C4,600.0,,,,,line_zzz,,,
paper,fig07,results_oracle_inspired_robust_C4D4_L3p2_train450_600_750.csv,test_accuracy,5,0.6876666666666666,0.0352688090086536,0.0309144741360921,54.0,C4,750.0,,,,,line_zzz,,,
paper,fig07,results_oracle_inspired_robust_C4D4_L3p2_train450_600_750.csv,test_accuracy,5,0.697,0.0259111730511933,0.0227121445731377,54.0,D4,450.0,,,,,line_zzz,,,
paper,fig07,results_oracle_inspired_robust_C4D4_L3p2_train450_600_750.csv,test_accuracy,5,0.7003333333333334,0.0568795022638012,0.0498570819665794,54.0,D4,600.0,,,,,line_zzz,,,
paper,fig07,results_oracle_inspired_robust_C4D4_L3p2_train450_600_750.csv,test_accuracy,5,0.6876666666666666,0.0352688090086536,0.0309144741360921,54.0,D4,750.0,,,,,line_zzz,,,
paper,fig07,results_oracle_inspired_robust_C4D4_L3p2_train450_600_750.csv,test_accuracy,5,0.7496666666666667,0.0196284940272497,0.0172051336008245,72.0,C4,450.0,,,,,line_zzz_ccrz,,,
paper,fig07,results_oracle_inspired_robust_C4D4_L3p2_train450_600_750.csv,test_accuracy,5,0.7486666666666666,0.0326896177877795,0.0286537133525288,72.0,C4,600.0,,,,,line_zzz_ccrz,,,
paper,fig07,results_oracle_inspired_robust_C4D4_L3p2_train450_600_750.csv,test_accuracy,5,0.748,0.0398852520780969,0.034960964898965,72.0,C4,750.0,,,,,line_zzz_ccrz,,,
paper,fig07,results_oracle_inspired_robust_C4D4_L3p2_train450_600_750.csv,test_accuracy,5,0.7496666666666667,0.0196284940272497,0.0172051336008245,72.0,D4,450.0,,,,,line_zzz_ccrz,,,
paper,fig07,results_oracle_inspired_robust_C4D4_L3p2_train450_600_750.csv,test_accuracy,5,0.7486666666666666,0.0326896177877795,0.0286537133525288,72.0,D4,600.0,,,,,line_zzz_ccrz,,,
paper,fig07,results_oracle_inspired_robust_C4D4_L3p2_train450_600_750.csv,test_accuracy,5,0.748,0.0398852520780969,0.034960964898965,72.0,D4,750.0,,,,,line_zzz_ccrz,,,
paper,fig07,results_rule_based_oracle.csv,accuracy,5478,1.0,0.0,0.0,0.0,D4_invariant,,,,,,deterministic_rule_oracle,,,
paper,fig08,results_oracle_inspired_robust_C4D4_L3p2_train450_600_750.csv,test_accuracy,5,0.6776666666666668,0.0233214255329491,0.0204421307869583,60.0,C4,,,,,,edge,,,
paper,fig08,results_oracle_inspired_robust_C4D4_L3p2_train450_600_750.csv,test_accuracy,5,0.6993333333333334,0.030221405217715,0.026490229645412,54.0,D4,,,,,,edge,,,
paper,fig08,results_oracle_inspired_robust_C4D4_L3p2_train450_600_750.csv,test_accuracy,5,0.735,0.0212785755580061,0.0186514938335304,78.0,C4,,,,,,edge_line_ccrz,,,
paper,fig08,results_oracle_inspired_robust_C4D4_L3p2_train450_600_750.csv,test_accuracy,5,0.75,0.0171188654868117,0.0150053471950649,72.0,D4,,,,,,edge_line_ccrz,,,
paper,fig08,results_oracle_inspired_robust_C4D4_L3p2_train450_600_750.csv,test_accuracy,5,0.761,0.0396267305966285,0.0347343608293318,78.0,C4,,,,,,edge_line_zzz,,,
paper,fig08,results_oracle_inspired_robust_C4D4_L3p2_train450_600_750.csv,test_accuracy,5,0.7643333333333333,0.0264207410107202,0.0231588005830277,72.0,D4,,,,,,edge_line_zzz,,,
paper,fig08,results_oracle_inspired_robust_C4D4_L3p2_train450_600_750.csv,test_accuracy,5,0.778,0.0143081173542231,0.0125416178293622,96.0,C4,,,,,,edge_line_zzz_ccrz,,,
paper,fig08,results_oracle_inspired_robust_C4D4_L3p2_train450_600_750.csv,test_accuracy,5,0.805,0.0213111864209073,0.0186800785151811,90.0,D4,,,,,,edge_line_zzz_ccrz,,,
paper,fig08,results_oracle_inspired_robust_C4D4_L3p2_train450_600_750.csv,test_accuracy,5,0.7196666666666667,0.0420713679359252,0.0368771799355644,54.0,C4,,,,,,line_ccrz,,,
paper,fig08,results_oracle_inspired_robust_C4D4_L3p2_train450_600_750.csv,test_accuracy,5,0.7196666666666667,0.0420713679359252,0.0368771799355644,54.0,D4,,,,,,line_ccrz,,,
paper,fig08,results_oracle_inspired_robust_C4D4_L3p2_train450_600_750.csv,test_accuracy,5,0.6683333333333333,0.0200693242979871,0.0175915383699726,54.0,C4,,,,,,line_pair_crz,,,
paper,fig08,results_oracle_inspired_robust_C4D4_L3p2_train450_600_750.csv,test_accuracy,5,0.6683333333333333,0.0200693242979871,0.0175915383699726,54.0,D4,,,,,,line_pair_crz,,,
paper,fig08,results_oracle_inspired_robust_C4D4_L3p2_train450_600_750.csv,test_accuracy,5,0.7003333333333334,0.0568795022638012,0.0498570819665794,54.0,C4,,,,,,line_zzz,,,
paper,fig08,results_oracle_inspired_robust_C4D4_L3p2_train450_600_750.csv,test_accuracy,5,0.7003333333333334,0.0568795022638012,0.0498570819665794,54.0,D4,,,,,,line_zzz,,,
paper,fig08,results_oracle_inspired_robust_C4D4_L3p2_train450_600_750.csv,test_accuracy,5,0.7486666666666666,0.0326896177877795,0.0286537133525288,72.0,C4,,,,,,line_zzz_ccrz,,,
paper,fig08,results_oracle_inspired_robust_C4D4_L3p2_train450_600_750.csv,test_accuracy,5,0.7486666666666666,0.0326896177877795,0.0286537133525288,72.0,D4,,,,,,line_zzz_ccrz,,,
paper,fig09,combined_partial_oracle_train450,test_accuracy,5,0.689,0.0190977020141749,0.01673987388775,60.0,C4,,,,,,edge,Meyer-style edge,,
paper,fig09,combined_partial_oracle_train450,test_accuracy,5,0.6656666666666666,0.0078704793020783,0.0068987792801013,78.0,D2_V4,,,,,,edge,Meyer-style edge,,
paper,fig09,combined_partial_oracle_train450,test_accuracy,5,0.6883333333333334,0.0410791918128874,0.0360074992189127,54.0,D4,,,,,,edge,Meyer-style edge,,
paper,fig09,combined_partial_oracle_train450,test_accuracy,5,0.6776666666666666,0.0390974565811014,0.0342704316997742,126.0,Z2_reflection,,,,,,edge,Meyer-style edge,,
paper,fig09,combined_partial_oracle_train450,test_accuracy,5,0.6773333333333333,0.0188045502767577,0.016482915060416,108.0,Z2_rot180,,,,,,edge,Meyer-style edge,,
paper,fig09,combined_partial_oracle_train450,test_accuracy,5,0.6136666666666667,0.0330067333198007,0.0289316773719664,204.0,none,,,,,,edge,Meyer-style edge,,
paper,fig09,combined_partial_oracle_train450,test_accuracy,5,0.736,0.0232916293977042,0.0204160133228796,78.0,C4,,,,,,edge_line_ccrz,oracle-inspired,,
paper,fig09,combined_partial_oracle_train450,test_accuracy,5,0.7386666666666667,0.06008558710521,0.0526673392362118,72.0,D4,,,,,,edge_line_ccrz,oracle-inspired,,
paper,fig09,combined_partial_oracle_train450,test_accuracy,5,0.7723333333333333,0.0410724292493692,0.036001571570635,78.0,C4,,,,,,edge_line_zzz,oracle-inspired,,
paper,fig09,combined_partial_oracle_train450,test_accuracy,5,0.7196666666666667,0.026177810790396,0.0229458628563456,72.0,D4,,,,,,edge_line_zzz,oracle-inspired,,
paper,fig09,combined_partial_oracle_train450,test_accuracy,5,0.746,0.031304951684997,0.02744,96.0,C4,,,,,,edge_line_zzz_ccrz,oracle-inspired,,
paper,fig09,combined_partial_oracle_train450,test_accuracy,5,0.7953333333333333,0.0181582549332865,0.0159164122143709,90.0,D4,,,,,,edge_line_zzz_ccrz,oracle-inspired,,
paper,fig09,combined_partial_oracle_train450,test_accuracy,5,0.7033333333333334,0.0376939429263288,0.0330401977395212,54.0,C4,,,,,,line_ccrz,oracle-inspired,,
paper,fig09,combined_partial_oracle_train450,test_accuracy,5,0.7033333333333334,0.0376939429263288,0.0330401977395212,54.0,D4,,,,,,line_ccrz,oracle-inspired,,
paper,fig09,combined_partial_oracle_train450,test_accuracy,5,0.678,0.0145964226972075,0.0127943286046765,54.0,C4,,,,,,line_pair_crz,oracle-inspired,,
paper,fig09,combined_partial_oracle_train450,test_accuracy,5,0.678,0.0145964226972075,0.0127943286046765,54.0,D4,,,,,,line_pair_crz,oracle-inspired,,
paper,fig09,combined_partial_oracle_train450,test_accuracy,5,0.697,0.0259111730511933,0.0227121445731377,54.0,C4,,,,,,line_zzz,oracle-inspired,,
paper,fig09,combined_partial_oracle_train450,test_accuracy,5,0.697,0.0259111730511933,0.0227121445731377,54.0,D4,,,,,,line_zzz,oracle-inspired,,
paper,fig09,combined_partial_oracle_train450,test_accuracy,5,0.7496666666666667,0.0196284940272497,0.0172051336008245,72.0,C4,,,,,,line_zzz_ccrz,oracle-inspired,,
paper,fig09,combined_partial_oracle_train450,test_accuracy,5,0.7496666666666667,0.0196284940272497,0.0172051336008245,72.0,D4,,,,,,line_zzz_ccrz,oracle-inspired,,
appendix,A1,results_approximate_symmetry.csv,test_accuracy,4,0.48737373737373735,0.04295404317229995,0.04209496230885394,60.0,C4,,,,,,,,0.0,
appendix,A1,results_approximate_symmetry.csv,test_accuracy,4,0.5277777777777778,0.0644805319939581,0.06319092135407896,60.0,C4,,,,,,,,0.1,
appendix,A1,results_approximate_symmetry.csv,test_accuracy,4,0.5063131313131313,0.017676767676767683,0.017323232323232327,60.0,C4,,,,,,,,0.2,
appendix,A1,results_approximate_symmetry.csv,test_accuracy,4,0.5113636363636364,0.05073600392565535,0.04972128384714224,78.0,D2_V4,,,,,,,,0.0,
appendix,A1,results_approximate_symmetry.csv,test_accuracy,4,0.505050505050505,0.10159761797720282,0.09956566561765874,78.0,D2_V4,,,,,,,,0.1,
appendix,A1,results_approximate_symmetry.csv,test_accuracy,4,0.4797979797979798,0.057879169823808384,0.056721586427332216,78.0,D2_V4,,,,,,,,0.2,
appendix,A1,results_approximate_symmetry.csv,test_accuracy,4,0.49242424242424243,0.054317393282497246,0.053231045416847304,54.0,D4,,,,,,,,0.0,
appendix,A1,results_approximate_symmetry.csv,test_accuracy,4,0.5492424242424243,0.045989186463460376,0.045069402734191195,54.0,D4,,,,,,,,0.1,
appendix,A1,results_approximate_symmetry.csv,test_accuracy,4,0.5176767676767676,0.037906835855884544,0.03714869913876683,54.0,D4,,,,,,,,0.2,
appendix,A1,results_approximate_symmetry.csv,test_accuracy,4,0.5138888888888888,0.02868135528181956,0.02810772817618316,126.0,Z2_reflection,,,,,,,,0.0,
appendix,A1,results_approximate_symmetry.csv,test_accuracy,4,0.49116161616161613,0.027158696641248682,0.026615522708423694,126.0,Z2_reflection,,,,,,,,0.1,
appendix,A1,results_approximate_symmetry.csv,test_accuracy,4,0.4722222222222222,0.04619670954212881,0.045272775351286224,126.0,Z2_reflection,,,,,,,,0.2,
appendix,A1,results_approximate_symmetry.csv,test_accuracy,4,0.48737373737373735,0.026883366031433237,0.02634569871080456,108.0,Z2_rot180,,,,,,,,0.0,
appendix,A1,results_approximate_symmetry.csv,test_accuracy,4,0.46338383838383834,0.038325092383273446,0.03755859053560798,108.0,Z2_rot180,,,,,,,,0.1,
appendix,A1,results_approximate_symmetry.csv,test_accuracy,4,0.47348484848484845,0.05909666437194646,0.05791473108450753,108.0,Z2_rot180,,,,,,,,0.2,
appendix,A1,results_approximate_symmetry.csv,test_accuracy,4,0.45959595959595956,0.02142747821777415,0.020998928653418666,204.0,none,,,,,,,,0.0,
appendix,A1,results_approximate_symmetry.csv,test_accuracy,4,0.45328282828282823,0.04708540831968687,0.04614370015329311,204.0,none,,,,,,,,0.1,
appendix,A1,results_approximate_symmetry.csv,test_accuracy,4,0.4532828282828283,0.07111175676933698,0.06968952163395024,204.0,none,,,,,,,,0.2,
appendix,A1,results_approximate_symmetry_stage2.csv,test_accuracy,4,0.5545833333333333,0.03947279888545854,0.03868334290774934,108.0,Z2_rot180,,,,,,,,0.0,
appendix,A1,results_approximate_symmetry_stage2.csv,test_accuracy,3,0.525,0.01641476300299348,0.01857505296338591,108.0,Z2_rot180,,,,,,,,0.1,
appendix,A1,results_approximate_symmetry_stage2.csv,test_accuracy,2,0.5175,0.020034692133618838,0.02776666666666665,108.0,Z2_rot180,,,,,,,,0.2,
appendix,A1,results_approximate_symmetry_stage2.csv,test_accuracy,2,0.5325,0.036533850361304895,0.0506333333333333,108.0,Z2_rot180,,,,,,,,0.4,
appendix,A1,results_approximate_symmetry_stage2.csv,test_accuracy,4,0.5175,0.03502644503588474,0.03432591613516704,204.0,none,,,,,,,,0.0,
appendix,A1,results_approximate_symmetry_stage2.csv,test_accuracy,4,0.49375,0.03504956807468847,0.03434857671319472,204.0,none,,,,,,,,0.1,
appendix,A1,results_approximate_symmetry_stage2.csv,test_accuracy,4,0.5191666666666667,0.03334721932990876,0.032680274943310585,204.0,none,,,,,,,,0.2,
appendix,A1,results_approximate_symmetry_stage2.csv,test_accuracy,4,0.5108333333333333,0.02145192730700874,0.02102288876086856,204.0,none,,,,,,,,0.4,
appendix,A1,results_approximate_symmetry_stage2_fast.csv,test_accuracy,5,0.5793333333333333,0.03920388302763443,0.03436371859324243,108.0,Z2_rot180,,,,,,,,0.0,
appendix,A1,results_approximate_symmetry_stage2_fast.csv,test_accuracy,5,0.567,0.03790338595253289,0.033223782646371464,108.0,Z2_rot180,,,,,,,,0.1,
appendix,A1,results_approximate_symmetry_stage2_fast.csv,test_accuracy,5,0.5623333333333334,0.021621748310439642,0.01895229801369743,108.0,Z2_rot180,,,,,,,,0.2,
appendix,A1,results_approximate_symmetry_stage2_fast.csv,test_accuracy,5,0.564,0.02924038303442688,0.025630325788019156,204.0,none,,,,,,,,0.0,
appendix,A1,results_approximate_symmetry_stage2_fast.csv,test_accuracy,5,0.5506666666666666,0.017583135859870563,0.015412298119791655,204.0,none,,,,,,,,0.1,
appendix,A1,results_approximate_symmetry_stage2_fast.csv,test_accuracy,5,0.5486666666666666,0.007011894655987543,0.006146196655927429,204.0,none,,,,,,,,0.2,
appendix,A1,results_approximate_symmetry_stage2_fast.csv,test_accuracy,5,0.5509999999999999,0.024398315060220426,0.021386066076355015,204.0,none,,,,,,,,0.4,
appendix,A2,results_line_ansatz_draft_L3p2.csv,test_accuracy,3,0.5427777777777778,0.05457750180892951,0.061760257307722166,60.0,C4,30.0,,,,,edge,,,
appendix,A2,results_line_ansatz_draft_L3p2.csv,test_accuracy,3,0.6277777777777778,0.06058358168984699,0.0685567765063255,60.0,C4,120.0,,,,,edge,,,
appendix,A2,results_line_ansatz_draft_L3p2.csv,test_accuracy,3,0.6261111111111112,0.03595264374969659,0.040684246352053394,60.0,C4,450.0,,,,,edge,,,
appendix,A2,results_line_ansatz_draft_L3p2.csv,test_accuracy,3,0.5288888888888889,0.04673605951788471,0.052886830025285665,78.0,D2_V4,30.0,,,,,edge,,,
appendix,A2,results_line_ansatz_draft_L3p2.csv,test_accuracy,3,0.5711111111111111,0.036603480911175795,0.041420737932395604,78.0,D2_V4,120.0,,,,,edge,,,
appendix,A2,results_line_ansatz_draft_L3p2.csv,test_accuracy,3,0.6066666666666667,0.0405517502019881,0.04588862523464745,78.0,D2_V4,450.0,,,,,edge,,,
appendix,A2,results_line_ansatz_draft_L3p2.csv,test_accuracy,3,0.5333333333333333,0.06291528696058958,0.07119534941116434,54.0,D4,30.0,,,,,edge,,,
appendix,A2,results_line_ansatz_draft_L3p2.csv,test_accuracy,3,0.6027777777777779,0.029170634650722414,0.03300968058533253,54.0,D4,120.0,,,,,edge,,,
appendix,A2,results_line_ansatz_draft_L3p2.csv,test_accuracy,3,0.668888888888889,0.019883922409081465,0.0225007763926405,54.0,D4,450.0,,,,,edge,,,
appendix,A2,results_line_ansatz_draft_L3p2.csv,test_accuracy,3,0.48499999999999993,0.017559422921421236,0.01987035759897417,126.0,Z2_reflection,30.0,,,,,edge,,,
appendix,A2,results_line_ansatz_draft_L3p2.csv,test_accuracy,3,0.5505555555555556,0.03189972715545687,0.036097939478146136,126.0,Z2_reflection,120.0,,,,,edge,,,
appendix,A2,results_line_ansatz_draft_L3p2.csv,test_accuracy,3,0.6216666666666667,0.007264831572567846,0.008220930829517085,126.0,Z2_reflection,450.0,,,,,edge,,,
appendix,A2,results_line_ansatz_draft_L3p2.csv,test_accuracy,3,0.47833333333333333,0.0491030662088541,0.05556535024768714,108.0,Z2_rot180,30.0,,,,,edge,,,
appendix,A2,results_line_ansatz_draft_L3p2.csv,test_accuracy,3,0.5655555555555556,0.02523959264800124,0.02856128779473764,108.0,Z2_rot180,120.0,,,,,edge,,,
appendix,A2,results_line_ansatz_draft_L3p2.csv,test_accuracy,3,0.6522222222222221,0.04398021440669951,0.049768297708381815,108.0,Z2_rot180,450.0,,,,,edge,,,
appendix,A2,results_line_ansatz_draft_L3p2.csv,test_accuracy,3,0.44388888888888883,0.022194427061597986,0.025115358539505295,204.0,none,30.0,,,,,edge,,,
appendix,A2,results_line_ansatz_draft_L3p2.csv,test_accuracy,3,0.5144444444444444,0.050726207705171056,0.05740210776015672,204.0,none,120.0,,,,,edge,,,
appendix,A2,results_line_ansatz_draft_L3p2.csv,test_accuracy,3,0.59,0.02962731472438531,0.03352646273771963,204.0,none,450.0,,,,,edge,,,
appendix,A2,results_line_ansatz_draft_L3p2.csv,test_accuracy,3,0.5177777777777778,0.02311404895857189,0.02615600868105563,54.0,C4,30.0,,,,,line_zzz,,,
appendix,A2,results_line_ansatz_draft_L3p2.csv,test_accuracy,3,0.5955555555555555,0.01782112770260608,0.020166504437670135,54.0,C4,120.0,,,,,line_zzz,,,
appendix,A2,results_line_ansatz_draft_L3p2.csv,test_accuracy,3,0.6749999999999999,0.026822461565718405,0.03035247259438005,54.0,C4,450.0,,,,,line_zzz,,,
appendix,A2,results_line_ansatz_draft_L3p2.csv,test_accuracy,3,0.5005555555555555,0.01417483424685902,0.01604033496155905,78.0,D2_V4,30.0,,,,,line_zzz,,,
appendix,A2,results_line_ansatz_draft_L3p2.csv,test_accuracy,3,0.58,0.05008326400438906,0.05667454847146508,78.0,D2_V4,120.0,,,,,line_zzz,,,
appendix,A2,results_line_ansatz_draft_L3p2.csv,test_accuracy,3,0.6549999999999999,0.02753785273643054,0.031162013912953587,78.0,D2_V4,450.0,,,,,line_zzz,,,
appendix,A2,results_line_ansatz_draft_L3p2.csv,test_accuracy,3,0.5177777777777778,0.02311404895857189,0.02615600868105563,54.0,D4,30.0,,,,,line_zzz,,,
appendix,A2,results_line_ansatz_draft_L3p2.csv,test_accuracy,3,0.5955555555555555,0.01782112770260608,0.020166504437670135,54.0,D4,120.0,,,,,line_zzz,,,
appendix,A2,results_line_ansatz_draft_L3p2.csv,test_accuracy,3,0.6749999999999999,0.026822461565718405,0.03035247259438005,54.0,D4,450.0,,,,,line_zzz,,,
appendix,A2,results_line_ansatz_draft_L3p2.csv,test_accuracy,3,0.4688888888888889,0.0337611435649745,0.03820433043775975,108.0,Z2_reflection,30.0,,,,,line_zzz,,,
appendix,A2,results_line_ansatz_draft_L3p2.csv,test_accuracy,3,0.5466666666666667,0.01040832999733067,0.011778134166515708,108.0,Z2_reflection,120.0,,,,,line_zzz,,,
appendix,A2,results_line_ansatz_draft_L3p2.csv,test_accuracy,3,0.6144444444444445,0.020838888148345558,0.023581421856837287,108.0,Z2_reflection,450.0,,,,,line_zzz,,,
appendix,A2,results_line_ansatz_draft_L3p2.csv,test_accuracy,3,0.45222222222222214,0.00917928424547682,0.010387337970984508,96.0,Z2_rot180,30.0,,,,,line_zzz,,,
appendix,A2,results_line_ansatz_draft_L3p2.csv,test_accuracy,3,0.5877777777777778,0.03916962163793851,0.044324599529570394,96.0,Z2_rot180,120.0,,,,,line_zzz,,,
appendix,A2,results_line_ansatz_draft_L3p2.csv,test_accuracy,3,0.648888888888889,0.01858414298186412,0.021029937508346024,96.0,Z2_rot180,450.0,,,,,line_zzz,,,
appendix,A2,results_line_ansatz_draft_L3p2.csv,test_accuracy,3,0.48,0.014999999999999972,0.016974097914174983,156.0,none,30.0,,,,,line_zzz,,,
appendix,A2,results_line_ansatz_draft_L3p2.csv,test_accuracy,3,0.5266666666666667,0.017320508075688763,0.019599999999999944,156.0,none,120.0,,,,,line_zzz,,,
appendix,A2,results_line_ansatz_draft_L3p2.csv,test_accuracy,3,0.6094444444444445,0.0229935578739721,0.026019660183203428,156.0,none,450.0,,,,,line_zzz,,,
appendix,A3,results_lowdata_linezzz_all_groups_L3p2.csv,test_accuracy,3,0.37999999999999995,0.02351122663277651,0.02660545752980717,54.0,C4,3.0,,,,,,,,
appendix,A3,results_lowdata_linezzz_all_groups_L3p2.csv,test_accuracy,3,0.4066666666666667,0.021858128414340056,0.02473480079504122,54.0,C4,6.0,,,,,,,,
appendix,A3,results_lowdata_linezzz_all_groups_L3p2.csv,test_accuracy,3,0.4566666666666667,0.03329164059239697,0.03767303780925794,54.0,C4,9.0,,,,,,,,
appendix,A3,results_lowdata_linezzz_all_groups_L3p2.csv,test_accuracy,3,0.4872222222222222,0.06604571929381228,0.07473776707368572,54.0,C4,12.0,,,,,,,,
appendix,A3,results_lowdata_linezzz_all_groups_L3p2.csv,test_accuracy,3,0.4883333333333333,0.030550504633038905,0.03457115046457731,54.0,C4,15.0,,,,,,,,
appendix,A3,results_lowdata_linezzz_all_groups_L3p2.csv,test_accuracy,3,0.4905555555555556,0.06301087501670147,0.07130351747942226,54.0,C4,18.0,,,,,,,,
appendix,A3,results_lowdata_linezzz_all_groups_L3p2.csv,test_accuracy,3,0.5311111111111111,0.06892696080581188,0.07799819877629022,54.0,C4,24.0,,,,,,,,
appendix,A3,results_lowdata_linezzz_all_groups_L3p2.csv,test_accuracy,3,0.5177777777777778,0.02311404895857189,0.02615600868105563,54.0,C4,30.0,,,,,,,,
appendix,A3,results_lowdata_linezzz_all_groups_L3p2.csv,test_accuracy,3,0.5688888888888889,0.07288372271664667,0.08247569638279607,54.0,C4,45.0,,,,,,,,
appendix,A3,results_lowdata_linezzz_all_groups_L3p2.csv,test_accuracy,3,0.5616666666666666,0.06869821281841652,0.0777393460605756,54.0,C4,60.0,,,,,,,,
appendix,A3,results_lowdata_linezzz_all_groups_L3p2.csv,test_accuracy,3,0.5527777777777778,0.04359960924051872,0.049337602417888926,54.0,C4,90.0,,,,,,,,
appendix,A3,results_lowdata_linezzz_all_groups_L3p2.csv,test_accuracy,3,0.5955555555555555,0.01782112770260608,0.020166504437670135,54.0,C4,120.0,,,,,,,,
appendix,A3,results_lowdata_linezzz_all_groups_L3p2.csv,test_accuracy,3,0.3444444444444444,0.028690558519278635,0.03246642330124019,78.0,D2_V4,3.0,,,,,,,,
appendix,A3,results_lowdata_linezzz_all_groups_L3p2.csv,test_accuracy,3,0.4261111111111111,0.06447078005950825,0.0729555555555556,78.0,D2_V4,6.0,,,,,,,,
appendix,A3,results_lowdata_linezzz_all_groups_L3p2.csv,test_accuracy,3,0.4266666666666667,0.0378593889720018,0.04284193169210638,78.0,D2_V4,9.0,,,,,,,,
appendix,A3,results_lowdata_linezzz_all_groups_L3p2.csv,test_accuracy,3,0.44222222222222224,0.02083888814834559,0.023581421856837273,78.0,D2_V4,12.0,,,,,,,,
appendix,A3,results_lowdata_linezzz_all_groups_L3p2.csv,test_accuracy,3,0.43,0.025221243250702588,0.02854052349697674,78.0,D2_V4,15.0,,,,,,,,
appendix,A3,results_lowdata_linezzz_all_groups_L3p2.csv,test_accuracy,3,0.4511111111111111,0.014938144066387528,0.01690410133592761,78.0,D2_V4,18.0,,,,,,,,
appendix,A3,results_lowdata_linezzz_all_groups_L3p2.csv,test_accuracy,3,0.4855555555555555,0.017976321874848204,0.020342123176026645,78.0,D2_V4,24.0,,,,,,,,
appendix,A3,results_lowdata_linezzz_all_groups_L3p2.csv,test_accuracy,3,0.5005555555555555,0.01417483424685902,0.01604033496155905,78.0,D2_V4,30.0,,,,,,,,
appendix,A3,results_lowdata_linezzz_all_groups_L3p2.csv,test_accuracy,3,0.4772222222222222,0.024286103327104923,0.027482313055203333,78.0,D2_V4,45.0,,,,,,,,
appendix,A3,results_lowdata_linezzz_all_groups_L3p2.csv,test_accuracy,3,0.5061111111111112,0.009179284245476862,0.010387337970984543,78.0,D2_V4,60.0,,,,,,,,
appendix,A3,results_lowdata_linezzz_all_groups_L3p2.csv,test_accuracy,3,0.5916666666666667,0.028431203515386607,0.032172935485867235,78.0,D2_V4,90.0,,,,,,,,
appendix,A3,results_lowdata_linezzz_all_groups_L3p2.csv,test_accuracy,3,0.58,0.05008326400438906,0.05667454847146508,78.0,D2_V4,120.0,,,,,,,,
appendix,A3,results_lowdata_linezzz_all_groups_L3p2.csv,test_accuracy,3,0.37999999999999995,0.02351122663277651,0.02660545752980717,54.0,D4,3.0,,,,,,,,
appendix,A3,results_lowdata_linezzz_all_groups_L3p2.csv,test_accuracy,3,0.4066666666666667,0.021858128414340056,0.02473480079504122,54.0,D4,6.0,,,,,,,,
appendix,A3,results_lowdata_linezzz_all_groups_L3p2.csv,test_accuracy,3,0.4566666666666667,0.03329164059239697,0.03767303780925794,54.0,D4,9.0,,,,,,,,
appendix,A3,results_lowdata_linezzz_all_groups_L3p2.csv,test_accuracy,3,0.4872222222222222,0.06604571929381228,0.07473776707368572,54.0,D4,12.0,,,,,,,,
appendix,A3,results_lowdata_linezzz_all_groups_L3p2.csv,test_accuracy,3,0.4883333333333333,0.030550504633038905,0.03457115046457731,54.0,D4,15.0,,,,,,,,
appendix,A3,results_lowdata_linezzz_all_groups_L3p2.csv,test_accuracy,3,0.4905555555555556,0.06301087501670147,0.07130351747942226,54.0,D4,18.0,,,,,,,,
appendix,A3,results_lowdata_linezzz_all_groups_L3p2.csv,test_accuracy,3,0.5311111111111111,0.06892696080581188,0.07799819877629022,54.0,D4,24.0,,,,,,,,
appendix,A3,results_lowdata_linezzz_all_groups_L3p2.csv,test_accuracy,3,0.5177777777777778,0.02311404895857189,0.02615600868105563,54.0,D4,30.0,,,,,,,,
appendix,A3,results_lowdata_linezzz_all_groups_L3p2.csv,test_accuracy,3,0.5688888888888889,0.07288372271664667,0.08247569638279607,54.0,D4,45.0,,,,,,,,
appendix,A3,results_lowdata_linezzz_all_groups_L3p2.csv,test_accuracy,3,0.5616666666666666,0.06869821281841652,0.0777393460605756,54.0,D4,60.0,,,,,,,,
appendix,A3,results_lowdata_linezzz_all_groups_L3p2.csv,test_accuracy,3,0.5527777777777778,0.04359960924051872,0.049337602417888926,54.0,D4,90.0,,,,,,,,
appendix,A3,results_lowdata_linezzz_all_groups_L3p2.csv,test_accuracy,3,0.5955555555555555,0.01782112770260608,0.020166504437670135,54.0,D4,120.0,,,,,,,,
appendix,A3,results_lowdata_linezzz_all_groups_L3p2.csv,test_accuracy,3,0.34944444444444445,0.02589151155051344,0.029299003480293843,108.0,Z2_reflection,3.0,,,,,,,,
appendix,A3,results_lowdata_linezzz_all_groups_L3p2.csv,test_accuracy,3,0.4116666666666666,0.02403700850309327,0.02720043572635747,108.0,Z2_reflection,6.0,,,,,,,,
appendix,A3,results_lowdata_linezzz_all_groups_L3p2.csv,test_accuracy,3,0.445,0.04342938073598464,0.04914497073097254,108.0,Z2_reflection,9.0,,,,,,,,
appendix,A3,results_lowdata_linezzz_all_groups_L3p2.csv,test_accuracy,3,0.44222222222222224,0.021495046802392375,0.024323935272905488,108.0,Z2_reflection,12.0,,,,,,,,
appendix,A3,results_lowdata_linezzz_all_groups_L3p2.csv,test_accuracy,3,0.4272222222222222,0.024400212506664125,0.027611439747652972,108.0,Z2_reflection,15.0,,,,,,,,
appendix,A3,results_lowdata_linezzz_all_groups_L3p2.csv,test_accuracy,3,0.4472222222222222,0.031812529560489786,0.03599926611048934,108.0,Z2_reflection,18.0,,,,,,,,
appendix,A3,results_lowdata_linezzz_all_groups_L3p2.csv,test_accuracy,3,0.435,0.024888640871780117,0.028164148473888904,108.0,Z2_reflection,24.0,,,,,,,,
appendix,A3,results_lowdata_linezzz_all_groups_L3p2.csv,test_accuracy,3,0.4688888888888889,0.0337611435649745,0.03820433043775975,108.0,Z2_reflection,30.0,,,,,,,,
appendix,A3,results_lowdata_linezzz_all_groups_L3p2.csv,test_accuracy,3,0.4811111111111111,0.0058531409738071085,0.006623452532991423,108.0,Z2_reflection,45.0,,,,,,,,
appendix,A3,results_lowdata_linezzz_all_groups_L3p2.csv,test_accuracy,3,0.4883333333333333,0.011666666666666709,0.01320207615546949,108.0,Z2_reflection,60.0,,,,,,,,
appendix,A3,results_lowdata_linezzz_all_groups_L3p2.csv,test_accuracy,3,0.5472222222222222,0.030245905752924882,0.03422646438353705,108.0,Z2_reflection,90.0,,,,,,,,
appendix,A3,results_lowdata_linezzz_all_groups_L3p2.csv,test_accuracy,3,0.5466666666666667,0.01040832999733067,0.011778134166515708,108.0,Z2_reflection,120.0,,,,,,,,
appendix,A3,results_lowdata_linezzz_all_groups_L3p2.csv,test_accuracy,3,0.3466666666666667,0.023094010767585042,0.02613333333333332,96.0,Z2_rot180,3.0,,,,,,,,
appendix,A3,results_lowdata_linezzz_all_groups_L3p2.csv,test_accuracy,3,0.36611111111111105,0.05618257275598442,0.06357656606868935,96.0,Z2_rot180,6.0,,,,,,,,
appendix,A3,results_lowdata_linezzz_all_groups_L3p2.csv,test_accuracy,3,0.42444444444444446,0.035013225014641644,0.03962119397930456,96.0,Z2_rot180,9.0,,,,,,,,
appendix,A3,results_lowdata_linezzz_all_groups_L3p2.csv,test_accuracy,3,0.41777777777777775,0.030015428131644657,0.033965654402827936,96.0,Z2_rot180,12.0,,,,,,,,
appendix,A3,results_lowdata_linezzz_all_groups_L3p2.csv,test_accuracy,3,0.4549999999999999,0.03492054473292827,0.03951631636753682,96.0,Z2_rot180,15.0,,,,,,,,
appendix,A3,results_lowdata_linezzz_all_groups_L3p2.csv,test_accuracy,3,0.44944444444444437,0.021688023662159082,0.024542309147095483,96.0,Z2_rot180,18.0,,,,,,,,
appendix,A3,results_lowdata_linezzz_all_groups_L3p2.csv,test_accuracy,3,0.465,0.010137937550497035,0.011472156308661883,96.0,Z2_rot180,24.0,,,,,,,,
appendix,A3,results_lowdata_linezzz_all_groups_L3p2.csv,test_accuracy,3,0.45222222222222214,0.00917928424547682,0.010387337970984508,96.0,Z2_rot180,30.0,,,,,,,,
appendix,A3,results_lowdata_linezzz_all_groups_L3p2.csv,test_accuracy,3,0.47500000000000003,0.026193722742502836,0.02964098763786638,96.0,Z2_rot180,45.0,,,,,,,,
appendix,A3,results_lowdata_linezzz_all_groups_L3p2.csv,test_accuracy,3,0.4761111111111111,0.009477067838462227,0.010724311828622454,96.0,Z2_rot180,60.0,,,,,,,,
appendix,A3,results_lowdata_linezzz_all_groups_L3p2.csv,test_accuracy,3,0.5405555555555556,0.03716828596372833,0.04205987501669207,96.0,Z2_rot180,90.0,,,,,,,,
appendix,A3,results_lowdata_linezzz_all_groups_L3p2.csv,test_accuracy,3,0.5877777777777778,0.03916962163793851,0.044324599529570394,96.0,Z2_rot180,120.0,,,,,,,,
appendix,A3,results_lowdata_linezzz_all_groups_L3p2.csv,test_accuracy,3,0.295,0.025221243250702647,0.02854052349697677,156.0,none,3.0,,,,,,,,
appendix,A3,results_lowdata_linezzz_all_groups_L3p2.csv,test_accuracy,3,0.3738888888888889,0.028593576072128393,0.03235667733098125,156.0,none,6.0,,,,,,,,
appendix,A3,results_lowdata_linezzz_all_groups_L3p2.csv,test_accuracy,3,0.4155555555555555,0.03874178527024702,0.043840457103141044,156.0,none,9.0,,,,,,,,
appendix,A3,results_lowdata_linezzz_all_groups_L3p2.csv,test_accuracy,3,0.40777777777777774,0.022993557873972104,0.026019660183203487,156.0,none,12.0,,,,,,,,
appendix,A3,results_lowdata_linezzz_all_groups_L3p2.csv,test_accuracy,3,0.4155555555555555,0.03351340251523485,0.037923985048716975,156.0,none,15.0,,,,,,,,
appendix,A3,results_lowdata_linezzz_all_groups_L3p2.csv,test_accuracy,3,0.41111111111111115,0.011824331474329326,0.013380490680995146,156.0,none,18.0,,,,,,,,
appendix,A3,results_lowdata_linezzz_all_groups_L3p2.csv,test_accuracy,3,0.4533333333333333,0.01740051084818423,0.0196905316595829,156.0,none,24.0,,,,,,,,
appendix,A3,results_lowdata_linezzz_all_groups_L3p2.csv,test_accuracy,3,0.48,0.014999999999999972,0.016974097914174983,156.0,none,30.0,,,,,,,,
appendix,A3,results_lowdata_linezzz_all_groups_L3p2.csv,test_accuracy,3,0.46277777777777773,0.04001157240006856,0.04527735650792437,156.0,none,45.0,,,,,,,,
appendix,A3,results_lowdata_linezzz_all_groups_L3p2.csv,test_accuracy,3,0.4783333333333333,0.02242270674512285,0.02537368131950314,156.0,none,60.0,,,,,,,,
appendix,A3,results_lowdata_linezzz_all_groups_L3p2.csv,test_accuracy,3,0.5144444444444445,0.025073964658659485,0.02837386208084331,156.0,none,90.0,,,,,,,,
appendix,A3,results_lowdata_linezzz_all_groups_L3p2.csv,test_accuracy,3,0.5266666666666667,0.017320508075688763,0.019599999999999944,156.0,none,120.0,,,,,,,,
appendix,A4,results_rule_based_oracle.csv,oracle_accuracy,316,1.0,0.0,0.0,0.0,,,,,,,,,,circle
appendix,A4,results_rule_based_oracle.csv,oracle_accuracy,4536,1.0,0.0,0.0,0.0,,,,,,,,,,draw
appendix,A4,results_rule_based_oracle.csv,oracle_accuracy,626,1.0,0.0,0.0,0.0,,,,,,,,,,cross
appendix,A4,results_rule_based_oracle.csv,oracle_accuracy,5478,1.0,0.0,0.0,0.0,,,,,,,,,,overall
