figure,source,metric,n,mean,std,ci95,params,subgroup,train_size,sharing_type,depth,L,p,circuit_family,source_family
fig01,results_reproduction.csv,test_accuracy,5,0.6883333333333334,0.041079191812887446,0.03600749921891271,54.0,D4,,,,,,,
fig01,results_reproduction.csv,test_accuracy,5,0.6136666666666667,0.03300673331980075,0.02893167737196646,204.0,none,,,,,,,
fig01,results_reproduction.csv,generalization_gap,5,0.0232222222222222,0.016374287280691548,0.0143526956215527,54.0,D4,,,,,,,
fig01,results_reproduction.csv,generalization_gap,5,0.09388888888888886,0.018181186857726128,0.015936512932396556,204.0,none,,,,,,,
fig02,results_partial_data_sweep_full_L3p2.csv,test_accuracy,5,0.5523333333333333,0.05742869975504893,0.05033847479259226,60.0,C4,30.0,,,,,,
fig02,results_partial_data_sweep_full_L3p2.csv,test_accuracy,5,0.5716666666666667,0.046308146631499354,0.040590880201783704,60.0,C4,60.0,,,,,,
fig02,results_partial_data_sweep_full_L3p2.csv,test_accuracy,5,0.6296666666666667,0.05076361339034528,0.044496269007137615,60.0,C4,120.0,,,,,,
fig02,results_partial_data_sweep_full_L3p2.csv,test_accuracy,5,0.632,0.05830237273616455,0.05110428292553702,60.0,C4,240.0,,,,,,
fig02,results_partial_data_sweep_full_L3p2.csv,test_accuracy,5,0.689,0.019097702014174912,0.016739873887750077,60.0,C4,450.0,,,,,,
fig02,results_partial_data_sweep_full_L3p2.csv,test_accuracy,5,0.5503333333333333,0.03426611543006688,0.03003557446318171,78.0,D2_V4,30.0,,,,,,
fig02,results_partial_data_sweep_full_L3p2.csv,test_accuracy,5,0.5656666666666667,0.03571880923733789,0.0313089167277737,78.0,D2_V4,60.0,,,,,,
fig02,results_partial_data_sweep_full_L3p2.csv,test_accuracy,5,0.586,0.03575767205944917,0.0313429814932927,78.0,D2_V4,120.0,,,,,,
fig02,results_partial_data_sweep_full_L3p2.csv,test_accuracy,5,0.6183333333333334,0.04644291597697589,0.04070901074154904,78.0,D2_V4,240.0,,,,,,
fig02,results_partial_data_sweep_full_L3p2.csv,test_accuracy,5,0.6656666666666666,0.007870479302078391,0.006898779280101337,78.0,D2_V4,450.0,,,,,,
fig02,results_partial_data_sweep_full_L3p2.csv,test_accuracy,5,0.5306666666666666,0.054779862480051296,0.04801666655096611,54.0,D4,30.0,,,,,,
fig02,results_partial_data_sweep_full_L3p2.csv,test_accuracy,5,0.583,0.049880412543959106,0.0437221093320581,54.0,D4,60.0,,,,,,
fig02,results_partial_data_sweep_full_L3p2.csv,test_accuracy,5,0.6293333333333333,0.047691135910611755,0.041803123753561225,54.0,D4,120.0,,,,,,
fig02,results_partial_data_sweep_full_L3p2.csv,test_accuracy,5,0.6446666666666666,0.03321646178227501,0.029115512474738744,54.0,D4,240.0,,,,,,
fig02,results_partial_data_sweep_full_L3p2.csv,test_accuracy,5,0.6883333333333334,0.041079191812887446,0.03600749921891271,54.0,D4,450.0,,,,,,
fig02,results_partial_data_sweep_full_L3p2.csv,test_accuracy,5,0.48100000000000004,0.03697972417420121,0.032414157400740815,126.0,Z2_reflection,30.0,,,,,,
fig02,results_partial_data_sweep_full_L3p2.csv,test_accuracy,5,0.5073333333333333,0.02575525836277583,0.022575479323076783,126.0,Z2_reflection,60.0,,,,,,
fig02,results_partial_data_sweep_full_L3p2.csv,test_accuracy,5,0.5626666666666666,0.023763884830183414,0.02082996346078837,126.0,Z2_reflection,120.0,,,,,,
fig02,results_partial_data_sweep_full_L3p2.csv,test_accuracy,5,0.6006666666666667,0.020736441353327712,0.018176292251171573,126.0,Z2_reflection,240.0,,,,,,
fig02,results_partial_data_sweep_full_L3p2.csv,test_accuracy,5,0.6776666666666666,0.03909745658110144,0.03427043169977421,126.0,Z2_reflection,450.0,,,,,,
fig02,results_partial_data_sweep_full_L3p2.csv,test_accuracy,5,0.4953333333333333,0.048910348825399144,0.042871810992513235,108.0,Z2_rot180,30.0,,,,,,
fig02,results_partial_data_sweep_full_L3p2.csv,test_accuracy,5,0.527,0.03579261252145631,0.031373608158592296,108.0,Z2_rot180,60.0,,,,,,
fig02,results_partial_data_sweep_full_L3p2.csv,test_accuracy,5,0.5653333333333334,0.014259499757471593,0.012499002626876518,108.0,Z2_rot180,120.0,,,,,,
fig02,results_partial_data_sweep_full_L3p2.csv,test_accuracy,5,0.5930000000000001,0.020013884069704113,0.017542942867274147,108.0,Z2_rot180,240.0,,,,,,
fig02,results_partial_data_sweep_full_L3p2.csv,test_accuracy,5,0.6773333333333333,0.018804550276757776,0.016482915060416,108.0,Z2_rot180,450.0,,,,,,
fig02,results_partial_data_sweep_full_L3p2.csv,test_accuracy,5,0.44333333333333336,0.04412734098291245,0.038679319768809006,204.0,none,30.0,,,,,,
fig02,results_partial_data_sweep_full_L3p2.csv,test_accuracy,5,0.49366666666666664,0.015652475842498546,0.013720000000000013,204.0,none,60.0,,,,,,
fig02,results_partial_data_sweep_full_L3p2.csv,test_accuracy,5,0.5246666666666667,0.021615323782497947,0.018946666666666685,204.0,none,120.0,,,,,,
fig02,results_partial_data_sweep_full_L3p2.csv,test_accuracy,5,0.5429999999999999,0.026806922820628083,0.02349730386424979,204.0,none,240.0,,,,,,
fig02,results_partial_data_sweep_full_L3p2.csv,test_accuracy,5,0.6136666666666667,0.03300673331980075,0.02893167737196646,204.0,none,450.0,,,,,,
fig02,results_partial_data_sweep_full_L3p2.csv,generalization_gap,5,0.30100000000000005,0.0567474913787189,0.04974136932395629,60.0,C4,30.0,,,,,,
fig02,results_partial_data_sweep_full_L3p2.csv,generalization_gap,5,0.23500000000000001,0.06502136401043718,0.056993738447501587,60.0,C4,60.0,,,,,,
fig02,results_partial_data_sweep_full_L3p2.csv,generalization_gap,5,0.11866666666666666,0.030308597973365745,0.026566657465494,60.0,C4,120.0,,,,,,
fig02,results_partial_data_sweep_full_L3p2.csv,generalization_gap,5,0.08799999999999993,0.01861152570019148,0.016313721559200106,60.0,C4,240.0,,,,,,
fig02,results_partial_data_sweep_full_L3p2.csv,generalization_gap,5,0.0078888888888889,0.026998513905147015,0.023665240854285754,60.0,C4,450.0,,,,,,
fig02,results_partial_data_sweep_full_L3p2.csv,generalization_gap,5,0.363,0.04205485835324037,0.03686270864829237,78.0,D2_V4,30.0,,,,,,
fig02,results_partial_data_sweep_full_L3p2.csv,generalization_gap,5,0.28099999999999997,0.034452060089992416,0.03019856214384318,78.0,D2_V4,60.0,,,,,,
fig02,results_partial_data_sweep_full_L3p2.csv,generalization_gap,5,0.2056666666666666,0.04504010558503511,0.03947939321834732,78.0,D2_V4,120.0,,,,,,
fig02,results_partial_data_sweep_full_L3p2.csv,generalization_gap,5,0.1058333333333333,0.04064155645532181,0.03562389491463401,78.0,D2_V4,240.0,,,,,,
fig02,results_partial_data_sweep_full_L3p2.csv,generalization_gap,5,0.03833333333333328,0.0144177103026233,0.012637680284093386,78.0,D2_V4,450.0,,,,,,
fig02,results_partial_data_sweep_full_L3p2.csv,generalization_gap,5,0.316,0.09321867957776607,0.08170977528899327,54.0,D4,30.0,,,,,,
fig02,results_partial_data_sweep_full_L3p2.csv,generalization_gap,5,0.21033333333333334,0.06308503960704327,0.055296475274449225,54.0,D4,60.0,,,,,,
fig02,results_partial_data_sweep_full_L3p2.csv,generalization_gap,5,0.12233333333333332,0.011820415484331449,0.01036105099774044,54.0,D4,120.0,,,,,,
fig02,results_partial_data_sweep_full_L3p2.csv,generalization_gap,5,0.0678333333333333,0.02380913690161833,0.020869628650265985,54.0,D4,240.0,,,,,,
fig02,results_partial_data_sweep_full_L3p2.csv,generalization_gap,5,0.0232222222222222,0.016374287280691548,0.0143526956215527,54.0,D4,450.0,,,,,,
fig02,results_partial_data_sweep_full_L3p2.csv,generalization_gap,5,0.4923333333333333,0.041106230941576546,0.03603120006019477,126.0,Z2_reflection,30.0,,,,,,
fig02,results_partial_data_sweep_full_L3p2.csv,generalization_gap,5,0.3793333333333333,0.0656336634493137,0.05753044256932343,126.0,Z2_reflection,60.0,,,,,,
fig02,results_partial_data_sweep_full_L3p2.csv,generalization_gap,5,0.2606666666666667,0.015302505241517337,0.01341323724286321,126.0,Z2_reflection,120.0,,,,,,
fig02,results_partial_data_sweep_full_L3p2.csv,generalization_gap,5,0.1468333333333333,0.032066554053856326,0.02810757391008893,126.0,Z2_reflection,240.0,,,,,,
fig02,results_partial_data_sweep_full_L3p2.csv,generalization_gap,5,0.04411111111111106,0.013747053556361844,0.012049823727003285,126.0,Z2_reflection,450.0,,,,,,
fig02,results_partial_data_sweep_full_L3p2.csv,generalization_gap,5,0.4246666666666667,0.06185107562165392,0.05421485815202731,108.0,Z2_rot180,30.0,,,,,,
fig02,results_partial_data_sweep_full_L3p2.csv,generalization_gap,5,0.33633333333333326,0.048596982073650076,0.042597132923863947,108.0,Z2_rot180,60.0,,,,,,
fig02,results_partial_data_sweep_full_L3p2.csv,generalization_gap,5,0.233,0.026624967396954517,0.023337812903335923,108.0,Z2_rot180,120.0,,,,,,
fig02,results_partial_data_sweep_full_L3p2.csv,generalization_gap,5,0.12866666666666657,0.022178255116216912,0.019440097736379856,108.0,Z2_rot180,240.0,,,,,,
fig02,results_partial_data_sweep_full_L3p2.csv,generalization_gap,5,0.0355555555555555,0.012177950120434997,0.010674443923990605,108.0,Z2_rot180,450.0,,,,,,
fig02,results_partial_data_sweep_full_L3p2.csv,generalization_gap,5,0.5433333333333333,0.03578485092263985,0.03136680481726574,204.0,none,30.0,,,,,,
fig02,results_partial_data_sweep_full_L3p2.csv,generalization_gap,5,0.473,0.020628997929021085,0.018082113937381458,204.0,none,60.0,,,,,,
fig02,results_partial_data_sweep_full_L3p2.csv,generalization_gap,5,0.3436666666666667,0.02125898502855786,0.01863432197735022,204.0,none,120.0,,,,,,
fig02,results_partial_data_sweep_full_L3p2.csv,generalization_gap,5,0.22616666666666663,0.04424756741587293,0.038784702883711455,204.0,none,240.0,,,,,,
fig02,results_partial_data_sweep_full_L3p2.csv,generalization_gap,5,0.09388888888888886,0.018181186857726128,0.015936512932396556,204.0,none,450.0,,,,,,
fig03,results_lowdata_goldilocks_c4_d4_L3p2.csv,C4_minus_D4_test_accuracy,5,0.03699999999999998,0.03458885498088788,0.03031846815244982,,,3.0,,,,,,
fig03,results_lowdata_goldilocks_c4_d4_L3p2.csv,C4_minus_D4_test_accuracy,5,0.01399999999999999,0.0378337004387476,0.033162700600390074,,,6.0,,,,,,
fig03,results_lowdata_goldilocks_c4_d4_L3p2.csv,C4_minus_D4_test_accuracy,5,-0.014333333333333354,0.04575903068126431,0.04010955884961976,,,9.0,,,,,,
fig03,results_lowdata_goldilocks_c4_d4_L3p2.csv,C4_minus_D4_test_accuracy,5,-0.02733333333333333,0.06830893873506687,0.05987542474913138,,,12.0,,,,,,
fig03,results_lowdata_goldilocks_c4_d4_L3p2.csv,C4_minus_D4_test_accuracy,5,0.005999999999999983,0.0351504702039042,0.030810745600268186,,,15.0,,,,,,
fig03,results_lowdata_goldilocks_c4_d4_L3p2.csv,C4_minus_D4_test_accuracy,5,0.0050000000000000044,0.05592653911854172,0.0490217729404213,,,18.0,,,,,,
fig03,results_lowdata_goldilocks_c4_d4_L3p2.csv,C4_minus_D4_test_accuracy,5,0.004999999999999993,0.04104536785341586,0.035977851211235215,,,24.0,,,,,,
fig03,results_lowdata_goldilocks_c4_d4_L3p2.csv,C4_minus_D4_test_accuracy,5,0.021666666666666647,0.04346134936801766,0.038095552379655964,,,30.0,,,,,,
fig03,results_lowdata_goldilocks_c4_d4_L3p2.csv,C4_minus_D4_test_accuracy,5,-0.0023333333333333205,0.025456935313496725,0.02231398764103909,,,45.0,,,,,,
fig03,results_lowdata_goldilocks_c4_d4_L3p2.csv,C4_minus_D4_test_accuracy,5,-0.011333333333333351,0.02212339134139349,0.019392007517416952,,,60.0,,,,,,
fig03,results_lowdata_goldilocks_c4_d4_L3p2.csv,C4_minus_D4_test_accuracy,5,0.01100000000000001,0.037520364840680526,0.03288804983914705,,,90.0,,,,,,
fig03,results_lowdata_goldilocks_c4_d4_L3p2.csv,C4_minus_D4_test_accuracy,5,0.0003333333333332966,0.05529466520379704,0.04846791103400271,,,120.0,,,,,,
fig04,results_random_sharing_control_full_L3p2_train450.csv,test_accuracy,5,0.5506666666666666,0.025701275368268325,0.02252816114210046,60.0,C4,,random,,,,,
fig04,results_random_sharing_control_full_L3p2_train450.csv,test_accuracy,5,0.689,0.019097702014174912,0.016739873887750077,60.0,C4,,symmetry,,,,,
fig04,results_random_sharing_control_full_L3p2_train450.csv,test_accuracy,5,0.5700000000000001,0.025630927498716188,0.022466498515691224,78.0,D2_V4,,random,,,,,
fig04,results_random_sharing_control_full_L3p2_train450.csv,test_accuracy,5,0.6656666666666666,0.007870479302078391,0.006898779280101337,78.0,D2_V4,,symmetry,,,,,
fig04,results_random_sharing_control_full_L3p2_train450.csv,test_accuracy,5,0.5723333333333334,0.029192845394415082,0.025588657209353088,54.0,D4,,random,,,,,
fig04,results_random_sharing_control_full_L3p2_train450.csv,test_accuracy,5,0.6883333333333334,0.041079191812887446,0.03600749921891271,54.0,D4,,symmetry,,,,,
fig04,results_random_sharing_control_full_L3p2_train450.csv,test_accuracy,5,0.5953333333333333,0.01864880097426585,0.016346394777510504,126.0,Z2_reflection,,random,,,,,
fig04,results_random_sharing_control_full_L3p2_train450.csv,test_accuracy,5,0.6776666666666666,0.03909745658110144,0.03427043169977421,126.0,Z2_reflection,,symmetry,,,,,
fig04,results_random_sharing_control_full_L3p2_train450.csv,test_accuracy,5,0.5906666666666667,0.020364729858807853,0.017850472760623924,108.0,Z2_rot180,,random,,,,,
fig04,results_random_sharing_control_full_L3p2_train450.csv,test_accuracy,5,0.6773333333333333,0.018804550276757776,0.016482915060416,108.0,Z2_rot180,,symmetry,,,,,
fig04,results_random_sharing_control_full_L3p2_train450.csv,test_accuracy,5,0.6136666666666667,0.03300673331980075,0.02893167737196646,204.0,none,,symmetry,,,,,
fig04,results_random_sharing_control_full_L3p2_train450.csv,generalization_gap,5,0.04755555555555548,0.01664628383249841,0.014591111111111086,60.0,C4,,random,,,,,
fig04,results_random_sharing_control_full_L3p2_train450.csv,generalization_gap,5,0.0078888888888889,0.026998513905147015,0.023665240854285754,60.0,C4,,symmetry,,,,,
fig04,results_random_sharing_control_full_L3p2_train450.csv,generalization_gap,5,0.05977777777777773,0.01658591548852799,0.014538195924554763,78.0,D2_V4,,random,,,,,
fig04,results_random_sharing_control_full_L3p2_train450.csv,generalization_gap,5,0.03833333333333328,0.0144177103026233,0.012637680284093386,78.0,D2_V4,,symmetry,,,,,
fig04,results_random_sharing_control_full_L3p2_train450.csv,generalization_gap,5,0.02322222222222218,0.030211190797165104,0.02648127631104147,54.0,D4,,random,,,,,
fig04,results_random_sharing_control_full_L3p2_train450.csv,generalization_gap,5,0.0232222222222222,0.016374287280691548,0.0143526956215527,54.0,D4,,symmetry,,,,,
fig04,results_random_sharing_control_full_L3p2_train450.csv,generalization_gap,5,0.060666666666666605,0.021525179054617254,0.018867651328839698,126.0,Z2_reflection,,random,,,,,
fig04,results_random_sharing_control_full_L3p2_train450.csv,generalization_gap,5,0.04411111111111106,0.013747053556361844,0.012049823727003285,126.0,Z2_reflection,,symmetry,,,,,
fig04,results_random_sharing_control_full_L3p2_train450.csv,generalization_gap,5,0.06222222222222218,0.026588426889239663,0.023305783736136277,108.0,Z2_rot180,,random,,,,,
fig04,results_random_sharing_control_full_L3p2_train450.csv,generalization_gap,5,0.0355555555555555,0.012177950120434997,0.010674443923990605,108.0,Z2_rot180,,symmetry,,,,,
fig04,results_random_sharing_control_full_L3p2_train450.csv,generalization_gap,5,0.09388888888888886,0.018181186857726128,0.015936512932396556,204.0,none,,symmetry,,,,,
fig05,results_depth_sweep_all_groups_draft_L1234_p123.csv,best_test_accuracy_at_depth,3,0.5388888888888889,0.023353166174426298,0.02642659528338078,10.0,C4,,,1.0,1.0,1.0,,
fig05,results_depth_sweep_all_groups_draft_L1234_p123.csv,best_test_accuracy_at_depth,3,0.5572222222222222,0.048199047170542124,0.05454235640284812,20.0,C4,,,2.0,2.0,1.0,,
fig05,results_depth_sweep_all_groups_draft_L1234_p123.csv,best_test_accuracy_at_depth,3,0.5905555555555555,0.06281218329568213,0.0710786766309344,30.0,C4,,,3.0,3.0,1.0,,
fig05,results_depth_sweep_all_groups_draft_L1234_p123.csv,best_test_accuracy_at_depth,3,0.63,0.008819171036881984,0.009979831513459403,40.0,C4,,,4.0,2.0,2.0,,
fig05,results_depth_sweep_all_groups_draft_L1234_p123.csv,best_test_accuracy_at_depth,3,0.65,0.015275252316519395,0.01728557523228862,60.0,C4,,,6.0,2.0,3.0,,
fig05,results_depth_sweep_all_groups_draft_L1234_p123.csv,best_test_accuracy_at_depth,3,0.6716666666666667,0.051071844820148635,0.05779323297565022,80.0,C4,,,8.0,4.0,2.0,,
fig05,results_depth_sweep_all_groups_draft_L1234_p123.csv,best_test_accuracy_at_depth,3,0.7138888888888889,0.04001157240006847,0.045277356507924325,90.0,C4,,,9.0,3.0,3.0,,
fig05,results_depth_sweep_all_groups_draft_L1234_p123.csv,best_test_accuracy_at_depth,3,0.6916666666666668,0.028915585954829095,0.032721065816200844,120.0,C4,,,12.0,4.0,3.0,,
fig05,results_depth_sweep_all_groups_draft_L1234_p123.csv,best_test_accuracy_at_depth,3,0.5166666666666667,0.010408329997330632,0.01177813416651571,13.0,D2_V4,,,1.0,1.0,1.0,,
fig05,results_depth_sweep_all_groups_draft_L1234_p123.csv,best_test_accuracy_at_depth,3,0.56,0.01691481927515368,0.019140919905135563,26.0,D2_V4,,,2.0,2.0,1.0,,
fig05,results_depth_sweep_all_groups_draft_L1234_p123.csv,best_test_accuracy_at_depth,3,0.5922222222222223,0.031505437508350796,0.03565175873971116,39.0,D2_V4,,,3.0,3.0,1.0,,
fig05,results_depth_sweep_all_groups_draft_L1234_p123.csv,best_test_accuracy_at_depth,3,0.6216666666666666,0.0057735026918962545,0.006533333333333338,52.0,D2_V4,,,4.0,4.0,1.0,,
fig05,results_depth_sweep_all_groups_draft_L1234_p123.csv,best_test_accuracy_at_depth,3,0.6483333333333333,0.01040832999733058,0.011778134166515639,78.0,D2_V4,,,6.0,2.0,3.0,,
fig05,results_depth_sweep_all_groups_draft_L1234_p123.csv,best_test_accuracy_at_depth,3,0.6427777777777778,0.04631814299354383,0.05241391295834474,104.0,D2_V4,,,8.0,4.0,2.0,,
fig05,results_depth_sweep_all_groups_draft_L1234_p123.csv,best_test_accuracy_at_depth,3,0.6222222222222222,0.03874178527024695,0.04384045710314097,117.0,D2_V4,,,9.0,3.0,3.0,,
fig05,results_depth_sweep_all_groups_draft_L1234_p123.csv,best_test_accuracy_at_depth,3,0.6783333333333333,0.0050000000000000044,0.005658032638058337,156.0,D2_V4,,,12.0,4.0,3.0,,
fig05,results_depth_sweep_all_groups_draft_L1234_p123.csv,best_test_accuracy_at_depth,3,0.523888888888889,0.03583656316193372,0.04055288880121195,9.0,D4,,,1.0,1.0,1.0,,
fig05,results_depth_sweep_all_groups_draft_L1234_p123.csv,best_test_accuracy_at_depth,3,0.5655555555555556,0.029360467248275124,0.0332244963918767,18.0,D4,,,2.0,2.0,1.0,,
fig05,results_depth_sweep_all_groups_draft_L1234_p123.csv,best_test_accuracy_at_depth,3,0.5861111111111111,0.05543598243152314,0.0627317195840773,27.0,D4,,,3.0,3.0,1.0,,
fig05,results_depth_sweep_all_groups_draft_L1234_p123.csv,best_test_accuracy_at_depth,3,0.6233333333333334,0.030046260628866596,0.03400054465794686,36.0,D4,,,4.0,2.0,2.0,,
fig05,results_depth_sweep_all_groups_draft_L1234_p123.csv,best_test_accuracy_at_depth,3,0.668888888888889,0.019883922409081465,0.0225007763926405,54.0,D4,,,6.0,3.0,2.0,,
fig05,results_depth_sweep_all_groups_draft_L1234_p123.csv,best_test_accuracy_at_depth,3,0.6583333333333333,0.07112196097783957,0.08048207529906548,72.0,D4,,,8.0,4.0,2.0,,
fig05,results_depth_sweep_all_groups_draft_L1234_p123.csv,best_test_accuracy_at_depth,3,0.64,0.04484541349024575,0.05074736263900633,81.0,D4,,,9.0,3.0,3.0,,
fig05,results_depth_sweep_all_groups_draft_L1234_p123.csv,best_test_accuracy_at_depth,3,0.6905555555555556,0.04565368834233724,0.051662011737737455,108.0,D4,,,12.0,4.0,3.0,,
fig05,results_depth_sweep_all_groups_draft_L1234_p123.csv,best_test_accuracy_at_depth,3,0.5222222222222223,0.03203007845644348,0.03624544586122527,21.0,Z2_reflection,,,1.0,1.0,1.0,,
fig05,results_depth_sweep_all_groups_draft_L1234_p123.csv,best_test_accuracy_at_depth,3,0.5488888888888889,0.03505287012077188,0.0396660566401894,42.0,Z2_reflection,,,2.0,2.0,1.0,,
fig05,results_depth_sweep_all_groups_draft_L1234_p123.csv,best_test_accuracy_at_depth,3,0.5666666666666667,0.043588989435406775,0.04932558497710228,63.0,Z2_reflection,,,3.0,3.0,1.0,,
fig05,results_depth_sweep_all_groups_draft_L1234_p123.csv,best_test_accuracy_at_depth,3,0.6077777777777778,0.03355481971231442,0.037970853019287626,84.0,Z2_reflection,,,4.0,4.0,1.0,,
fig05,results_depth_sweep_all_groups_draft_L1234_p123.csv,best_test_accuracy_at_depth,3,0.635,0.02204792759220496,0.02494957878364849,126.0,Z2_reflection,,,6.0,2.0,3.0,,
fig05,results_depth_sweep_all_groups_draft_L1234_p123.csv,best_test_accuracy_at_depth,3,0.6455555555555555,0.01931704294523745,0.02185929189098563,168.0,Z2_reflection,,,8.0,4.0,2.0,,
fig05,results_depth_sweep_all_groups_draft_L1234_p123.csv,best_test_accuracy_at_depth,3,0.6222222222222222,0.030245905752924882,0.03422646438353705,189.0,Z2_reflection,,,9.0,3.0,3.0,,
fig05,results_depth_sweep_all_groups_draft_L1234_p123.csv,best_test_accuracy_at_depth,3,0.645,0.02516611478423587,0.028478139764465765,252.0,Z2_reflection,,,12.0,4.0,3.0,,
fig05,results_depth_sweep_all_groups_draft_L1234_p123.csv,best_test_accuracy_at_depth,3,0.5311111111111111,0.03728022015512805,0.04218654047834292,18.0,Z2_rot180,,,1.0,1.0,1.0,,
fig05,results_depth_sweep_all_groups_draft_L1234_p123.csv,best_test_accuracy_at_depth,3,0.5555555555555555,0.025945098730745773,0.029359643083241117,36.0,Z2_rot180,,,2.0,2.0,1.0,,
fig05,results_depth_sweep_all_groups_draft_L1234_p123.csv,best_test_accuracy_at_depth,3,0.581111111111111,0.053989024947805955,0.061094333050326334,54.0,Z2_rot180,,,3.0,3.0,1.0,,
fig05,results_depth_sweep_all_groups_draft_L1234_p123.csv,best_test_accuracy_at_depth,3,0.6244444444444445,0.008221471437193794,0.00930347074490131,72.0,Z2_rot180,,,4.0,4.0,1.0,,
fig05,results_depth_sweep_all_groups_draft_L1234_p123.csv,best_test_accuracy_at_depth,3,0.6522222222222221,0.04398021440669951,0.049768297708381815,108.0,Z2_rot180,,,6.0,3.0,2.0,,
fig05,results_depth_sweep_all_groups_draft_L1234_p123.csv,best_test_accuracy_at_depth,3,0.66,0.010929064207169983,0.012367400397520566,144.0,Z2_rot180,,,8.0,4.0,2.0,,
fig05,results_depth_sweep_all_groups_draft_L1234_p123.csv,best_test_accuracy_at_depth,3,0.6549999999999999,0.028480012484391703,0.03222816803379947,162.0,Z2_rot180,,,9.0,3.0,3.0,,
fig05,results_depth_sweep_all_groups_draft_L1234_p123.csv,best_test_accuracy_at_depth,3,0.6533333333333333,0.025000000000000022,0.02829016319029169,216.0,Z2_rot180,,,12.0,4.0,3.0,,
fig05,results_depth_sweep_all_groups_draft_L1234_p123.csv,best_test_accuracy_at_depth,3,0.5094444444444445,0.029170634650722414,0.03300968058533253,34.0,none,,,1.0,1.0,1.0,,
fig05,results_depth_sweep_all_groups_draft_L1234_p123.csv,best_test_accuracy_at_depth,3,0.5227777777777778,0.02016138590180451,0.022814755892179808,68.0,none,,,2.0,2.0,1.0,,
fig05,results_depth_sweep_all_groups_draft_L1234_p123.csv,best_test_accuracy_at_depth,3,0.5583333333333333,0.025980762113533167,0.02940000000000003,102.0,none,,,3.0,3.0,1.0,,
fig05,results_depth_sweep_all_groups_draft_L1234_p123.csv,best_test_accuracy_at_depth,3,0.5783333333333333,0.029297326385411587,0.03315304577930128,136.0,none,,,4.0,4.0,1.0,,
fig05,results_depth_sweep_all_groups_draft_L1234_p123.csv,best_test_accuracy_at_depth,3,0.5916666666666667,0.013642254619787433,0.01543766437909188,204.0,none,,,6.0,2.0,3.0,,
fig05,results_depth_sweep_all_groups_draft_L1234_p123.csv,best_test_accuracy_at_depth,3,0.6222222222222222,0.01512295287646244,0.01711323219176854,272.0,none,,,8.0,4.0,2.0,,
fig05,results_depth_sweep_all_groups_draft_L1234_p123.csv,best_test_accuracy_at_depth,3,0.605,0.007264831572567734,0.008220930829517014,306.0,none,,,9.0,3.0,3.0,,
fig05,results_depth_sweep_all_groups_draft_L1234_p123.csv,best_test_accuracy_at_depth,3,0.6172222222222222,0.02016138590180451,0.022814755892179808,408.0,none,,,12.0,4.0,3.0,,
fig06,results_d4_compression_sweep_L3p2.csv,test_accuracy,15,0.6161111111111112,0.08075945732290395,0.04086992434601981,54.0,D4,,,,,,,
fig06,results_d4_compression_sweep_L3p2.csv,test_accuracy,15,0.5328888888888889,0.037893264189028,0.019176637535305657,18.0,D4_all_tied,,,,,,,
fig06,results_d4_compression_sweep_L3p2.csv,test_accuracy,15,0.605,0.05967172098837343,0.03019805733266076,42.0,D4_pair_tied,,,,,,,
fig06,results_d4_compression_sweep_L3p2.csv,test_accuracy,15,0.6025555555555556,0.06659480253644215,0.03370161999256796,30.0,D4_qubit_tied,,,,,,,
fig07,results_oracle_inspired_robust_C4D4_L3p2_train450_600_750.csv,test_accuracy,5,0.689,0.019097702014174912,0.016739873887750077,60.0,C4,450.0,,,,,edge,
fig07,results_oracle_inspired_robust_C4D4_L3p2_train450_600_750.csv,test_accuracy,5,0.6776666666666668,0.023321425532949108,0.020442130786958387,60.0,C4,600.0,,,,,edge,
fig07,results_oracle_inspired_robust_C4D4_L3p2_train450_600_750.csv,test_accuracy,5,0.6983333333333334,0.03765707842565004,0.033007884579967325,60.0,C4,750.0,,,,,edge,
fig07,results_oracle_inspired_robust_C4D4_L3p2_train450_600_750.csv,test_accuracy,5,0.6883333333333334,0.041079191812887446,0.03600749921891271,54.0,D4,450.0,,,,,edge,
fig07,results_oracle_inspired_robust_C4D4_L3p2_train450_600_750.csv,test_accuracy,5,0.6993333333333334,0.030221405217715023,0.026490229645412044,54.0,D4,600.0,,,,,edge,
fig07,results_oracle_inspired_robust_C4D4_L3p2_train450_600_750.csv,test_accuracy,5,0.6913333333333334,0.033069791519014895,0.02898695032059922,54.0,D4,750.0,,,,,edge,
fig07,results_oracle_inspired_robust_C4D4_L3p2_train450_600_750.csv,test_accuracy,5,0.736,0.02329162939770427,0.020416013322879685,78.0,C4,450.0,,,,,edge_line_ccrz,
fig07,results_oracle_inspired_robust_C4D4_L3p2_train450_600_750.csv,test_accuracy,5,0.735,0.021278575558006184,0.01865149383353041,78.0,C4,600.0,,,,,edge_line_ccrz,
fig07,results_oracle_inspired_robust_C4D4_L3p2_train450_600_750.csv,test_accuracy,5,0.7369999999999999,0.03731249418388194,0.0327058431748484,78.0,C4,750.0,,,,,edge_line_ccrz,
fig07,results_oracle_inspired_robust_C4D4_L3p2_train450_600_750.csv,test_accuracy,5,0.7386666666666667,0.06008558710521,0.05266733923621188,72.0,D4,450.0,,,,,edge_line_ccrz,
fig07,results_oracle_inspired_robust_C4D4_L3p2_train450_600_750.csv,test_accuracy,5,0.75,0.017118865486811723,0.015005347195064949,72.0,D4,600.0,,,,,edge_line_ccrz,
fig07,results_oracle_inspired_robust_C4D4_L3p2_train450_600_750.csv,test_accuracy,5,0.7466666666666667,0.017598926734952388,0.015426139432073662,72.0,D4,750.0,,,,,edge_line_ccrz,
fig07,results_oracle_inspired_robust_C4D4_L3p2_train450_600_750.csv,test_accuracy,5,0.7723333333333333,0.04107242924936929,0.036001571570635015,78.0,C4,450.0,,,,,edge_line_zzz,
fig07,results_oracle_inspired_robust_C4D4_L3p2_train450_600_750.csv,test_accuracy,5,0.761,0.039626730596628565,0.03473436082933183,78.0,C4,600.0,,,,,edge_line_zzz,
fig07,results_oracle_inspired_robust_C4D4_L3p2_train450_600_750.csv,test_accuracy,5,0.742,0.016766368453279064,0.014696369922157278,78.0,C4,750.0,,,,,edge_line_zzz,
fig07,results_oracle_inspired_robust_C4D4_L3p2_train450_600_750.csv,test_accuracy,5,0.7196666666666667,0.026177810790396085,0.022945862856345624,72.0,D4,450.0,,,,,edge_line_zzz,
fig07,results_oracle_inspired_robust_C4D4_L3p2_train450_600_750.csv,test_accuracy,5,0.7643333333333333,0.026420741010720214,0.0231588005830277,72.0,D4,600.0,,,,,edge_line_zzz,
fig07,results_oracle_inspired_robust_C4D4_L3p2_train450_600_750.csv,test_accuracy,5,0.7333333333333333,0.017989194287435735,0.01576822402456563,72.0,D4,750.0,,,,,edge_line_zzz,
fig07,results_oracle_inspired_robust_C4D4_L3p2_train450_600_750.csv,test_accuracy,5,0.746,0.03130495168499708,0.027440000000000027,96.0,C4,450.0,,,,,edge_line_zzz_ccrz,
fig07,results_oracle_inspired_robust_C4D4_L3p2_train450_600_750.csv,test_accuracy,5,0.778,0.014308117354223151,0.012541617829362264,96.0,C4,600.0,,,,,edge_line_zzz_ccrz,
fig07,results_oracle_inspired_robust_C4D4_L3p2_train450_600_750.csv,test_accuracy,5,0.787,0.022924998485399226,0.020094647158993492,96.0,C4,750.0,,,,,edge_line_zzz_ccrz,
fig07,results_oracle_inspired_robust_C4D4_L3p2_train450_600_750.csv,test_accuracy,5,0.7953333333333333,0.018158254933286502,0.01591641221437096,90.0,D4,450.0,,,,,edge_line_zzz_ccrz,
fig07,results_oracle_inspired_robust_C4D4_L3p2_train450_600_750.csv,test_accuracy,5,0.805,0.02131118642090735,0.018680078515181154,90.0,D4,600.0,,,,,edge_line_zzz_ccrz,
fig07,results_oracle_inspired_robust_C4D4_L3p2_train450_600_750.csv,test_accuracy,5,0.7736666666666666,0.06266533686532325,0.05492858960100426,90.0,D4,750.0,,,,,edge_line_zzz_ccrz,
fig07,results_oracle_inspired_robust_C4D4_L3p2_train450_600_750.csv,test_accuracy,5,0.7033333333333334,0.03769394292632882,0.03304019773952127,54.0,C4,450.0,,,,,line_ccrz,
fig07,results_oracle_inspired_robust_C4D4_L3p2_train450_600_750.csv,test_accuracy,5,0.7196666666666667,0.04207136793592525,0.03687717993556446,54.0,C4,600.0,,,,,line_ccrz,
fig07,results_oracle_inspired_robust_C4D4_L3p2_train450_600_750.csv,test_accuracy,5,0.7016666666666667,0.046502688094345664,0.04076140331244742,54.0,C4,750.0,,,,,line_ccrz,
fig07,results_oracle_inspired_robust_C4D4_L3p2_train450_600_750.csv,test_accuracy,5,0.7033333333333334,0.03769394292632882,0.03304019773952127,54.0,D4,450.0,,,,,line_ccrz,
fig07,results_oracle_inspired_robust_C4D4_L3p2_train450_600_750.csv,test_accuracy,5,0.7196666666666667,0.04207136793592525,0.03687717993556446,54.0,D4,600.0,,,,,line_ccrz,
fig07,results_oracle_inspired_robust_C4D4_L3p2_train450_600_750.csv,test_accuracy,5,0.7016666666666667,0.046502688094345664,0.04076140331244742,54.0,D4,750.0,,,,,line_ccrz,
fig07,results_oracle_inspired_robust_C4D4_L3p2_train450_600_750.csv,test_accuracy,5,0.678,0.014596422697207588,0.012794328604676563,54.0,C4,450.0,,,,,line_pair_crz,
fig07,results_oracle_inspired_robust_C4D4_L3p2_train450_600_750.csv,test_accuracy,5,0.6683333333333333,0.02006932429798712,0.017591538369972685,54.0,C4,600.0,,,,,line_pair_crz,
fig07,results_oracle_inspired_robust_C4D4_L3p2_train450_600_750.csv,test_accuracy,5,0.6806666666666666,0.05109359603272761,0.044785511546084254,54.0,C4,750.0,,,,,line_pair_crz,
fig07,results_oracle_inspired_robust_C4D4_L3p2_train450_600_750.csv,test_accuracy,5,0.678,0.014596422697207588,0.012794328604676563,54.0,D4,450.0,,,,,line_pair_crz,
fig07,results_oracle_inspired_robust_C4D4_L3p2_train450_600_750.csv,test_accuracy,5,0.6683333333333333,0.02006932429798712,0.017591538369972685,54.0,D4,600.0,,,,,line_pair_crz,
fig07,results_oracle_inspired_robust_C4D4_L3p2_train450_600_750.csv,test_accuracy,5,0.6806666666666666,0.05109359603272761,0.044785511546084254,54.0,D4,750.0,,,,,line_pair_crz,
fig07,results_oracle_inspired_robust_C4D4_L3p2_train450_600_750.csv,test_accuracy,5,0.697,0.02591117305119337,0.02271214457313775,54.0,C4,450.0,,,,,line_zzz,
fig07,results_oracle_inspired_robust_C4D4_L3p2_train450_600_750.csv,test_accuracy,5,0.7003333333333334,0.05687950226380128,0.04985708196657943,54.0,C4,600.0,,,,,line_zzz,
fig07,results_oracle_inspired_robust_C4D4_L3p2_train450_600_750.csv,test_accuracy,5,0.6876666666666666,0.03526880900865367,0.03091447413609217,54.0,C4,750.0,,,,,line_zzz,
fig07,results_oracle_inspired_robust_C4D4_L3p2_train450_600_750.csv,test_accuracy,5,0.697,0.02591117305119337,0.02271214457313775,54.0,D4,450.0,,,,,line_zzz,
fig07,results_oracle_inspired_robust_C4D4_L3p2_train450_600_750.csv,test_accuracy,5,0.7003333333333334,0.05687950226380128,0.04985708196657943,54.0,D4,600.0,,,,,line_zzz,
fig07,results_oracle_inspired_robust_C4D4_L3p2_train450_600_750.csv,test_accuracy,5,0.6876666666666666,0.03526880900865367,0.03091447413609217,54.0,D4,750.0,,,,,line_zzz,
fig07,results_oracle_inspired_robust_C4D4_L3p2_train450_600_750.csv,test_accuracy,5,0.7496666666666667,0.019628494027249702,0.01720513360082454,72.0,C4,450.0,,,,,line_zzz_ccrz,
fig07,results_oracle_inspired_robust_C4D4_L3p2_train450_600_750.csv,test_accuracy,5,0.7486666666666666,0.03268961778777954,0.028653713352528844,72.0,C4,600.0,,,,,line_zzz_ccrz,
fig07,results_oracle_inspired_robust_C4D4_L3p2_train450_600_750.csv,test_accuracy,5,0.748,0.03988525207809691,0.03496096489896506,72.0,C4,750.0,,,,,line_zzz_ccrz,
fig07,results_oracle_inspired_robust_C4D4_L3p2_train450_600_750.csv,test_accuracy,5,0.7496666666666667,0.019628494027249702,0.01720513360082454,72.0,D4,450.0,,,,,line_zzz_ccrz,
fig07,results_oracle_inspired_robust_C4D4_L3p2_train450_600_750.csv,test_accuracy,5,0.7486666666666666,0.03268961778777954,0.028653713352528844,72.0,D4,600.0,,,,,line_zzz_ccrz,
fig07,results_oracle_inspired_robust_C4D4_L3p2_train450_600_750.csv,test_accuracy,5,0.748,0.03988525207809691,0.03496096489896506,72.0,D4,750.0,,,,,line_zzz_ccrz,
fig07,results_rule_based_oracle.csv,accuracy,5478,1.0,0.0,0.0,0.0,D4_invariant,,,,,,deterministic_rule_oracle,
fig08,results_oracle_inspired_robust_C4D4_L3p2_train450_600_750.csv,test_accuracy,5,0.6776666666666668,0.023321425532949108,0.020442130786958387,60.0,C4,,,,,,edge,
fig08,results_oracle_inspired_robust_C4D4_L3p2_train450_600_750.csv,test_accuracy,5,0.6993333333333334,0.030221405217715023,0.026490229645412044,54.0,D4,,,,,,edge,
fig08,results_oracle_inspired_robust_C4D4_L3p2_train450_600_750.csv,test_accuracy,5,0.735,0.021278575558006184,0.01865149383353041,78.0,C4,,,,,,edge_line_ccrz,
fig08,results_oracle_inspired_robust_C4D4_L3p2_train450_600_750.csv,test_accuracy,5,0.75,0.017118865486811723,0.015005347195064949,72.0,D4,,,,,,edge_line_ccrz,
fig08,results_oracle_inspired_robust_C4D4_L3p2_train450_600_750.csv,test_accuracy,5,0.761,0.039626730596628565,0.03473436082933183,78.0,C4,,,,,,edge_line_zzz,
fig08,results_oracle_inspired_robust_C4D4_L3p2_train450_600_750.csv,test_accuracy,5,0.7643333333333333,0.026420741010720214,0.0231588005830277,72.0,D4,,,,,,edge_line_zzz,
fig08,results_oracle_inspired_robust_C4D4_L3p2_train450_600_750.csv,test_accuracy,5,0.778,0.014308117354223151,0.012541617829362264,96.0,C4,,,,,,edge_line_zzz_ccrz,
fig08,results_oracle_inspired_robust_C4D4_L3p2_train450_600_750.csv,test_accuracy,5,0.805,0.02131118642090735,0.018680078515181154,90.0,D4,,,,,,edge_line_zzz_ccrz,
fig08,results_oracle_inspired_robust_C4D4_L3p2_train450_600_750.csv,test_accuracy,5,0.7196666666666667,0.04207136793592525,0.03687717993556446,54.0,C4,,,,,,line_ccrz,
fig08,results_oracle_inspired_robust_C4D4_L3p2_train450_600_750.csv,test_accuracy,5,0.7196666666666667,0.04207136793592525,0.03687717993556446,54.0,D4,,,,,,line_ccrz,
fig08,results_oracle_inspired_robust_C4D4_L3p2_train450_600_750.csv,test_accuracy,5,0.6683333333333333,0.02006932429798712,0.017591538369972685,54.0,C4,,,,,,line_pair_crz,
fig08,results_oracle_inspired_robust_C4D4_L3p2_train450_600_750.csv,test_accuracy,5,0.6683333333333333,0.02006932429798712,0.017591538369972685,54.0,D4,,,,,,line_pair_crz,
fig08,results_oracle_inspired_robust_C4D4_L3p2_train450_600_750.csv,test_accuracy,5,0.7003333333333334,0.05687950226380128,0.04985708196657943,54.0,C4,,,,,,line_zzz,
fig08,results_oracle_inspired_robust_C4D4_L3p2_train450_600_750.csv,test_accuracy,5,0.7003333333333334,0.05687950226380128,0.04985708196657943,54.0,D4,,,,,,line_zzz,
fig08,results_oracle_inspired_robust_C4D4_L3p2_train450_600_750.csv,test_accuracy,5,0.7486666666666666,0.03268961778777954,0.028653713352528844,72.0,C4,,,,,,line_zzz_ccrz,
fig08,results_oracle_inspired_robust_C4D4_L3p2_train450_600_750.csv,test_accuracy,5,0.7486666666666666,0.03268961778777954,0.028653713352528844,72.0,D4,,,,,,line_zzz_ccrz,
fig09,combined_partial_oracle_train450,test_accuracy,5,0.689,0.019097702014174912,0.016739873887750077,60.0,C4,,,,,,edge,Meyer-style edge
fig09,combined_partial_oracle_train450,test_accuracy,5,0.6656666666666666,0.007870479302078391,0.006898779280101337,78.0,D2_V4,,,,,,edge,Meyer-style edge
fig09,combined_partial_oracle_train450,test_accuracy,5,0.6883333333333334,0.041079191812887446,0.03600749921891271,54.0,D4,,,,,,edge,Meyer-style edge
fig09,combined_partial_oracle_train450,test_accuracy,5,0.6776666666666666,0.03909745658110144,0.03427043169977421,126.0,Z2_reflection,,,,,,edge,Meyer-style edge
fig09,combined_partial_oracle_train450,test_accuracy,5,0.6773333333333333,0.018804550276757776,0.016482915060416,108.0,Z2_rot180,,,,,,edge,Meyer-style edge
fig09,combined_partial_oracle_train450,test_accuracy,5,0.6136666666666667,0.03300673331980075,0.02893167737196646,204.0,none,,,,,,edge,Meyer-style edge
fig09,combined_partial_oracle_train450,test_accuracy,5,0.736,0.02329162939770427,0.020416013322879685,78.0,C4,,,,,,edge_line_ccrz,oracle-inspired
fig09,combined_partial_oracle_train450,test_accuracy,5,0.7386666666666667,0.06008558710521,0.05266733923621188,72.0,D4,,,,,,edge_line_ccrz,oracle-inspired
fig09,combined_partial_oracle_train450,test_accuracy,5,0.7723333333333333,0.04107242924936929,0.036001571570635015,78.0,C4,,,,,,edge_line_zzz,oracle-inspired
fig09,combined_partial_oracle_train450,test_accuracy,5,0.7196666666666667,0.026177810790396085,0.022945862856345624,72.0,D4,,,,,,edge_line_zzz,oracle-inspired
fig09,combined_partial_oracle_train450,test_accuracy,5,0.746,0.03130495168499708,0.027440000000000027,96.0,C4,,,,,,edge_line_zzz_ccrz,oracle-inspired
fig09,combined_partial_oracle_train450,test_accuracy,5,0.7953333333333333,0.018158254933286502,0.01591641221437096,90.0,D4,,,,,,edge_line_zzz_ccrz,oracle-inspired
fig09,combined_partial_oracle_train450,test_accuracy,5,0.7033333333333334,0.03769394292632882,0.03304019773952127,54.0,C4,,,,,,line_ccrz,oracle-inspired
fig09,combined_partial_oracle_train450,test_accuracy,5,0.7033333333333334,0.03769394292632882,0.03304019773952127,54.0,D4,,,,,,line_ccrz,oracle-inspired
fig09,combined_partial_oracle_train450,test_accuracy,5,0.678,0.014596422697207588,0.012794328604676563,54.0,C4,,,,,,line_pair_crz,oracle-inspired
fig09,combined_partial_oracle_train450,test_accuracy,5,0.678,0.014596422697207588,0.012794328604676563,54.0,D4,,,,,,line_pair_crz,oracle-inspired
fig09,combined_partial_oracle_train450,test_accuracy,5,0.697,0.02591117305119337,0.02271214457313775,54.0,C4,,,,,,line_zzz,oracle-inspired
fig09,combined_partial_oracle_train450,test_accuracy,5,0.697,0.02591117305119337,0.02271214457313775,54.0,D4,,,,,,line_zzz,oracle-inspired
fig09,combined_partial_oracle_train450,test_accuracy,5,0.7496666666666667,0.019628494027249702,0.01720513360082454,72.0,C4,,,,,,line_zzz_ccrz,oracle-inspired
fig09,combined_partial_oracle_train450,test_accuracy,5,0.7496666666666667,0.019628494027249702,0.01720513360082454,72.0,D4,,,,,,line_zzz_ccrz,oracle-inspired
